genes_32_0_75_72_67_11_7_78_27_56_40_3_22_0_91_96_97_4_66_71_1_93_8_38_45_52_60_31_77_77_73_82_37_58_25_42_51_20_18_55_57_73_66_51_93_68_89_81_36_7_15_33_37_3_76_16_54_85_32_33_52_31_95_7_4_29_97_99_59_47_3_88_37_25_92_33_55_63_35_78_14_26_16_4_50_77_68_53_53_64_1_20_82_99_100_100_10_53_46,10,0.0902,19.8
genes_13_68_79_3_67_79_44_59_13_52_9_10_39_68_47_98_39_94_75_12_50_82_14_35_28_90_23_56_74_74_55_12_40_56_29_27_47_4_93_96_8_69_41_58_79_82_44_15_91_69_60_92_26_0_62_29_5_9_15_9_76_57_75_14_39_84_13_7_66_91_5_73_58_21_100_25_6_17_89_27_78_55_75_9_81_76_76_96_41_27_36_50_92_87_76_100_12_42_33,10,0.0915,18.0
genes_18_67_38_89_78_71_43_32_14_15_13_5_89_1_29_57_50_9_66_10_71_82_72_38_34_71_64_55_74_48_16_45_68_64_85_42_71_11_92_91_85_14_2_55_83_20_44_82_40_46_42_100_46_1_96_69_87_10_29_42_67_58_51_8_39_69_14_0_73_36_24_51_38_25_11_41_71_45_98_83_93_26_76_17_52_43_68_93_31_25_1_9_34_94_15_77_42_53_38,10,0.0915,18.0
genes_15_58_80_78_69_23_42_83_12_30_9_16_19_90_74_53_7_83_15_63_3_88_72_21_43_73_41_34_43_23_59_63_45_99_92_17_59_9_24_64_92_15_37_54_29_88_88_0_58_39_39_58_21_1_60_8_85_16_24_43_54_11_62_6_50_80_91_94_14_46_28_56_78_15_9_82_58_29_27_74_0_69_90_78_44_66_0_96_44_31_72_90_52_12_0_61_56_73_46,10,0.0962,17.5
genes_16_70_72_71_80_6_53_1_9_16_4_92_89_38_85_12_7_4_15_61_52_65_14_55_84_18_64_36_78_75_15_11_4_58_75_23_54_19_23_46_87_74_99_45_94_88_0_56_33_55_100_16_32_77_87_9_85_10_29_2_75_11_66_6_32_88_16_50_48_72_5_79_45_23_100_96_76_8_99_73_57_80_16_73_21_76_0_96_41_34_1_56_47_80_50_100_70_89_49,10,0.0948,16.0
genes_13_68_69_100_83_23_40_1_10_44_7_89_31_38_17_55_95_53_19_0_43_67_49_1_12_21_13_27_76_75_12_12_45_65_92_42_63_3_88_90_87_74_44_93_79_43_43_10_63_58_15_100_12_93_99_39_16_64_28_0_51_7_12_10_39_70_21_72_41_28_11_78_45_22_23_100_39_25_45_65_11_67_16_22_26_78_66_55_69_89_33_10_47_86_25_100_70_57_60,10,0.0965,16.0
genes_32_51_77_1_78_87_11_61_12_34_57_6_17_91_5_98_100_69_87_100_71_84_57_1_33_23_15_39_11_49_64_44_45_59_92_88_8_13_19_41_93_83_3_54_20_14_99_4_91_25_91_37_40_50_56_24_19_7_63_39_56_7_27_11_42_26_11_67_59_56_7_78_72_29_21_30_39_18_100_43_10_89_84_0_69_85_76_7_68_71_17_30_51_80_16_100_70_84_46,10,0.1,15.0
genes_70_52_69_74_78_21_40_78_5_60_90_10_89_35_17_96_95_0_78_0_46_70_97_48_12_50_73_47_77_48_0_7_33_65_84_86_11_15_17_90_87_14_48_45_17_43_0_57_41_66_94_89_21_81_96_39_53_35_18_0_75_11_17_10_36_92_84_68_86_75_24_82_28_17_19_100_26_16_4_74_79_66_16_6_35_78_54_43_85_29_31_90_47_81_35_100_4_57_55,10,0.1,15.0
genes_18_2_74_90_73_0_39_53_61_20_32_24_21_89_22_75_1_13_92_74_36_86_14_48_22_79_99_47_52_45_59_100_50_42_92_45_88_78_15_68_86_73_45_85_79_25_44_13_63_49_55_71_42_88_48_3_20_16_40_0_78_7_14_97_12_92_97_7_86_55_25_70_69_20_10_76_54_20_100_27_90_70_83_36_35_73_34_43_70_73_30_94_78_78_71_77_3_54_46,10,0.075,11.0
genes_16_68_78_65_83_35_41_18_28_17_10_66_21_4_22_57_5_8_76_71_31_90_94_36_23_60_65_14_29_50_90_2_5_32_92_66_93_11_19_96_94_2_3_53_53_81_100_22_33_53_100_25_23_77_56_66_17_73_18_2_75_11_100_41_10_29_49_0_4_32_7_70_62_30_74_79_54_30_90_79_13_71_64_1_86_61_32_96_47_35_36_78_67_71_28_81_3_42_56,10,0.0444,6.95
genes_4_68_80_10_55_66_70_81_19_60_7_60_39_38_74_52_100_10_67_79_53_0_95_55_29_21_23_46_77_79_15_4_38_56_69_83_71_13_55_79_15_69_1_19_17_43_96_10_40_26_20_13_35_2_89_28_57_1_18_2_42_66_12_10_51_26_75_1_14_65_23_75_88_84_20_38_35_68_87_65_76_27_84_51_32_70_76_29_69_39_35_11_48_11_33_100_70_69_5,10,0.15,-6.55
genes_18_47_13_90_66_23_39_6_12_56_47_98_21_0_0_73_1_8_70_95_36_72_81_17_17_26_15_47_86_84_22_60_37_42_87_38_59_11_13_5_86_73_33_89_32_14_44_13_63_49_39_71_35_88_57_3_22_16_44_0_81_7_89_97_43_92_97_7_15_55_18_0_69_20_17_76_71_68_50_85_87_70_87_35_91_81_33_24_49_73_24_15_40_35_100_100_0_97_39,10,0.1698,-9.3
genes_64_62_80_85_64_23_52_18_5_30_32_45_84_4_17_55_0_8_92_75_44_92_81_48_24_92_74_47_30_0_90_60_41_4_53_38_84_11_12_7_87_84_44_14_79_14_44_13_32_74_94_71_23_15_59_6_0_32_44_0_81_42_21_80_42_84_97_70_15_75_15_70_69_20_17_100_71_45_50_74_90_67_83_30_32_66_29_43_31_85_1_10_47_74_1_77_0_97_39,10,0.1526,-11.9
genes_18_53_70_36_78_23_40_78_12_48_57_6_16_34_24_78_100_69_25_71_86_67_14_1_28_26_15_39_88_43_64_12_45_47_92_97_63_96_27_46_15_81_3_90_16_28_67_63_61_30_94_95_40_2_58_12_19_7_30_51_56_42_50_8_42_59_83_72_59_76_5_92_5_39_19_98_53_56_94_91_85_14_10_11_85_62_68_76_67_21_17_10_46_41_31_100_70_59_63,10,0.1414,-15.5
genes_18_48_80_89_82_53_37_25_12_67_6_65_16_84_28_57_7_10_72_71_7_87_72_56_17_88_41_50_80_100_14_8_53_19_53_46_77_16_92_58_14_73_36_53_21_11_44_22_71_20_43_7_5_98_87_4_52_2_14_37_73_9_94_8_2_27_21_24_73_88_15_75_38_15_33_100_5_45_59_77_1_86_67_100_45_80_32_22_50_86_21_42_27_40_48_91_4_33_90,10,0.1385,-16.1
genes_16_56_80_90_10_11_36_57_12_48_9_68_20_68_22_75_56_91_94_13_53_91_5_52_27_90_23_53_64_50_17_100_26_56_31_14_53_96_98_96_25_83_4_45_40_82_9_48_93_69_63_28_45_0_59_0_0_63_49_4_57_57_80_10_42_88_13_56_32_91_28_75_6_39_100_38_59_13_100_27_88_53_75_45_47_76_75_7_41_29_35_11_56_87_4_77_12_42_42,10,0.1375,-16.65
genes_23_55_50_3_72_23_70_74_15_52_65_10_17_85_22_22_71_95_71_40_7_90_6_38_26_86_60_58_50_52_17_100_45_43_77_7_76_20_10_35_15_67_3_90_37_88_0_18_92_29_57_53_29_3_65_7_18_39_66_3_75_65_62_15_49_40_14_11_17_29_9_2_90_71_21_94_69_67_89_68_15_62_80_20_45_84_32_97_42_65_17_20_64_95_86_81_55_27_49,10,0.137,-16.85
genes_48_63_76_27_84_23_40_81_28_48_42_10_19_35_29_78_100_69_66_83_53_76_14_36_87_23_15_48_93_43_64_21_68_58_92_1_80_13_27_47_90_81_3_93_79_28_89_15_44_25_91_100_18_2_96_65_19_5_29_39_56_42_98_83_39_26_14_72_36_56_5_78_38_39_90_30_71_7_87_85_87_14_79_22_85_79_73_73_69_48_17_30_52_50_18_77_71_60_46,10,0.1452,-20.2
genes_16_59_80_3_9_93_37_57_98_48_62_57_19_25_24_75_69_95_71_40_0_78_6_56_19_77_61_46_52_43_11_36_43_56_36_14_76_99_32_5_97_83_3_90_18_11_54_4_92_31_14_94_29_0_76_2_0_36_30_0_54_56_62_15_73_50_2_7_32_95_9_76_89_39_19_4_69_19_89_26_64_62_82_45_85_76_32_97_64_69_17_50_87_52_4_79_55_32_49,10,0.1415,-22.2
genes_15_52_79_69_80_23_43_83_12_16_9_92_48_90_74_12_7_0_4_66_94_65_18_21_85_21_64_36_32_54_14_4_31_99_92_45_54_15_23_50_10_76_94_54_20_80_88_98_58_55_99_7_32_98_100_33_85_5_24_0_75_11_62_9_50_60_7_94_64_33_69_37_11_26_9_30_76_8_27_74_0_73_16_4_49_76_0_39_41_16_1_57_52_12_53_61_70_95_49,10,0.14,-22.5
genes_18_58_33_78_74_25_53_77_20_60_9_16_21_68_33_54_95_15_76_100_55_81_72_52_12_42_59_54_77_23_79_12_33_68_6_36_27_13_52_7_10_74_13_56_39_42_43_58_45_62_18_19_21_83_60_8_85_16_18_2_48_20_12_39_11_45_52_72_42_75_7_88_70_89_34_38_26_75_9_9_30_89_2_9_44_79_54_40_41_79_34_84_55_66_12_16_3_97_15,10,0.1377,-23.7
genes_21_67_15_78_78_71_4_86_28_12_42_61_19_35_84_96_50_4_78_96_43_87_72_48_20_60_69_55_82_48_90_63_72_69_55_56_87_13_89_3_90_53_10_55_29_21_22_48_58_74_38_89_35_8_60_22_86_64_26_41_54_43_2_41_8_92_41_68_41_53_96_96_28_31_95_44_59_26_90_33_48_73_79_100_72_79_71_71_31_29_21_88_84_12_63_0_4_97_61,10,0.1367,-24.3
genes_31_62_74_11_78_91_40_27_33_2_37_45_89_35_22_59_0_4_66_95_7_90_72_0_22_71_67_54_50_74_90_17_68_59_84_34_88_16_5_88_87_72_34_92_24_20_0_55_40_28_79_99_30_98_59_8_54_9_12_42_99_58_51_42_53_68_15_0_73_9_11_36_38_25_17_99_20_45_33_46_87_26_69_56_55_72_68_72_31_25_1_92_47_94_25_98_41_53_21,10,0.1352,-25.15
genes_31_47_80_74_79_87_39_53_55_59_32_62_21_35_0_73_1_8_92_98_53_92_84_0_22_50_99_47_75_84_90_17_28_59_68_33_88_11_8_70_87_74_45_14_24_14_0_18_63_28_15_71_30_88_59_6_20_32_29_0_54_50_14_97_42_87_99_7_42_9_21_68_69_48_19_22_16_22_99_74_89_67_83_56_55_73_76_43_97_73_1_15_47_7_4_100_0_57_39,10,0.1345,-25.7
genes_50_71_10_70_87_11_69_8_28_93_9_65_16_91_17_53_7_12_21_3_47_87_3_21_22_61_17_16_93_56_21_52_45_58_36_1_59_11_25_58_88_75_44_58_17_89_41_12_92_79_66_58_41_38_92_69_19_73_14_96_54_11_84_83_39_71_18_47_14_58_84_3_66_17_95_35_30_28_99_74_10_73_93_23_64_57_66_11_49_41_32_89_84_44_71_94_70_34_11,10,0.1325,-27.1
genes_16_71_80_71_69_23_42_83_15_56_57_61_44_90_24_78_4_0_90_13_3_91_20_79_87_23_41_14_88_43_2_7_44_99_92_93_11_9_24_80_10_81_7_85_79_82_0_57_53_82_99_58_58_100_86_13_19_84_30_41_70_11_26_10_65_80_10_8_35_60_23_77_78_24_9_4_59_28_100_77_88_69_92_12_44_73_93_39_70_30_1_11_11_44_0_40_69_17_42,10,0.1308,-28.5
genes_13_52_10_85_81_68_8_2_16_50_32_63_89_46_0_11_50_8_11_10_48_67_7_36_72_26_17_57_66_58_90_12_23_19_44_42_86_11_12_70_33_7_27_67_36_82_52_10_58_39_15_38_40_0_13_3_17_10_17_1_56_42_89_16_37_45_16_82_4_28_2_81_67_85_87_76_69_52_99_55_7_73_83_100_38_75_78_67_86_29_2_7_67_80_62_77_3_45_100,10,0.1308,-28.5
genes_64_70_79_89_83_23_53_88_6_57_10_55_19_39_85_46_1_94_36_4_0_18_56_15_22_46_74_27_43_75_1_12_33_65_83_45_49_21_21_90_14_74_44_54_16_88_93_12_33_86_64_96_40_95_62_3_57_64_12_0_46_15_96_41_42_88_86_100_14_48_5_71_69_36_19_95_30_71_89_90_19_73_84_55_21_65_67_29_66_73_31_15_49_69_28_100_75_65_48,10,0.1286,-39.5
genes_27_66_75_37_71_70_37_73_15_16_38_31_29_82_22_96_57_94_14_61_70_88_56_22_29_50_56_50_50_50_61_88_23_100_25_85_55_11_92_45_23_73_69_46_39_82_96_10_91_50_37_24_34_83_100_68_27_90_42_0_57_98_71_4_51_86_75_97_14_48_4_81_87_25_100_95_71_45_92_77_92_55_67_4_93_64_76_29_44_85_27_50_83_94_54_81_48_53_34,10,0.1286,-39.5
genes_30_49_43_82_79_11_85_86_15_54_57_92_16_35_24_78_34_82_91_13_5_94_67_79_87_96_100_52_85_41_2_87_12_25_36_7_88_13_25_41_19_72_7_85_18_82_41_10_36_74_42_90_50_36_86_0_20_64_30_41_57_10_26_10_65_45_18_8_65_48_21_92_28_19_92_2_59_48_99_74_66_70_92_12_33_82_75_94_70_65_1_20_56_80_23_100_12_17_32,10,0.1286,-39.55
genes_67_47_13_10_24_66_50_5_20_56_52_8_31_84_22_73_52_77_68_0_53_72_95_17_17_18_15_50_77_76_17_4_43_84_69_9_59_11_27_77_93_37_33_89_32_94_44_49_58_49_14_100_35_100_48_6_11_16_44_0_86_41_12_99_12_75_17_42_15_55_16_0_70_29_17_25_21_25_50_65_87_73_83_86_86_56_54_24_68_59_24_11_43_35_100_100_3_57_46,10,0.1325,-50.3
genes_70_52_80_69_78_12_70_11_28_12_42_43_89_7_71_96_1_0_43_22_54_70_5_34_85_87_64_46_82_77_62_91_72_64_93_36_66_13_17_96_86_78_42_44_39_87_7_46_87_66_36_69_35_81_59_4_53_64_15_41_75_11_57_10_36_72_79_68_86_53_7_82_70_17_19_81_55_20_99_27_43_43_23_100_81_73_67_57_70_29_37_62_86_47_10_93_4_86_39,10,0.1273,-50.5
genes_13_71_7_98_77_92_38_2_10_50_7_90_89_38_18_11_100_52_72_58_27_91_49_0_36_68_15_27_93_83_14_14_8_56_95_42_54_19_75_44_15_76_94_94_37_88_100_0_40_10_58_93_15_79_99_64_17_10_28_2_46_42_78_8_39_88_21_72_4_35_70_78_45_84_23_89_39_67_70_73_10_93_83_8_52_75_69_17_37_48_33_11_61_11_2_100_7_81_60,10,0.1287,-57.3
genes_16_77_36_9_81_87_44_23_10_17_3_94_89_83_22_57_52_8_73_38_50_89_69_35_22_60_65_52_29_83_95_12_5_38_88_56_91_16_19_68_85_2_2_53_37_28_100_28_45_49_39_25_32_77_95_33_6_10_14_2_68_55_98_41_39_86_11_0_14_46_11_3_11_19_100_40_79_31_99_72_96_72_65_3_86_60_32_29_63_33_1_75_81_93_18_73_70_2_46,10,0.1287,-57.6
genes_49_53_75_36_0_89_40_45_12_53_53_12_16_4_17_78_2_90_19_72_86_67_6_47_12_41_30_54_77_43_2_12_55_28_80_7_24_71_93_10_29_81_10_53_13_89_66_60_61_73_93_95_40_95_16_22_19_36_21_61_75_98_90_43_42_59_2_7_15_76_15_92_66_39_19_100_76_71_99_39_85_38_97_11_79_62_74_7_68_21_35_13_46_40_44_100_5_26_99,10,0.1279,-59.0
genes_18_68_3_82_79_39_34_58_9_67_70_45_21_85_18_48_2_6_76_10_74_94_87_36_16_96_17_57_85_41_0_87_45_20_36_15_47_96_13_35_92_72_34_65_29_81_41_0_63_39_97_33_42_56_97_0_19_37_63_7_57_10_94_11_47_50_0_67_66_47_21_92_6_30_92_25_59_52_100_55_73_26_16_51_73_89_43_9_47_39_1_11_13_66_69_77_48_45_68,10,0.1276,-59.6
genes_67_47_75_81_67_66_38_8_54_40_57_8_31_87_13_73_95_8_68_3_1_91_95_57_15_21_60_55_77_75_17_87_68_81_95_90_59_13_55_44_52_14_61_67_17_82_40_13_87_7_15_7_47_2_62_12_94_35_44_36_40_45_12_97_21_29_18_82_88_75_2_75_70_28_26_25_71_45_3_69_87_70_22_33_49_72_49_21_68_29_0_11_95_80_98_100_6_2_20,10,0.1274,-60.5
genes_32_50_7_67_24_11_85_84_54_12_42_45_44_68_71_93_61_26_76_100_0_90_5_56_85_91_41_57_78_77_62_16_42_25_28_36_66_13_92_45_79_30_29_44_37_20_9_10_87_69_36_7_35_98_59_4_86_9_65_3_37_0_57_11_50_70_79_0_68_72_7_4_70_17_26_73_71_20_98_91_1_27_69_100_81_73_68_57_71_30_26_62_39_72_48_93_3_59_46,10,0.1268,-60.7
genes_13_60_77_3_84_11_70_59_15_60_9_65_39_68_22_22_37_79_74_12_50_90_23_35_26_90_23_82_64_50_89_100_45_56_79_89_50_15_93_48_23_64_44_4_42_88_9_18_91_29_57_30_45_3_59_29_0_9_81_94_30_65_72_14_50_84_16_72_69_65_0_2_88_71_49_99_15_17_98_27_15_55_80_9_81_76_75_76_42_29_36_63_65_95_74_96_12_42_65,10,0.1267,-61.0
genes_23_59_75_92_72_1_48_1_10_27_65_90_28_38_31_75_100_57_72_63_7_91_6_1_15_71_60_50_52_75_16_14_80_0_6_7_54_20_10_42_15_87_3_90_37_87_43_44_62_86_13_100_29_78_51_7_0_64_28_6_46_55_57_8_39_88_18_72_17_28_5_80_24_29_26_89_74_26_52_26_15_62_93_50_21_76_32_97_69_69_30_11_94_53_86_100_55_32_49,10,0.1264,-61.5
genes_49_53_2_88_0_70_7_6_29_76_57_45_21_0_69_96_97_4_66_61_4_92_8_36_23_59_65_14_10_53_10_16_45_58_27_42_47_20_92_10_93_54_10_54_18_94_28_5_54_74_37_89_37_99_85_7_83_84_32_60_67_34_98_8_4_82_30_7_70_72_3_83_47_85_97_25_69_26_100_78_81_65_67_34_38_76_74_28_68_82_1_11_65_94_59_81_42_36_46,10,0.1264,-61.5
genes_49_63_80_60_45_14_41_16_62_32_61_16_84_18_76_47_54_61_73_64_8_73_81_38_85_41_67_51_77_12_2_16_39_44_60_59_53_69_88_10_84_54_17_87_17_8_65_14_48_73_55_95_11_73_6_79_83_12_30_10_75_35_90_10_37_84_2_15_37_72_8_80_43_24_96_2_19_69_38_39_77_60_78_35_72_75_24_96_90_25_37_84_84_74_81_22_1_34_50,10,0.1264,-61.5
genes_29_53_65_10_24_89_42_81_57_48_10_8_82_18_0_75_48_8_76_100_53_100_97_91_12_21_59_13_77_71_2_0_43_78_44_86_64_13_55_12_93_54_4_50_21_14_9_20_58_34_9_100_47_2_60_6_83_72_60_0_86_7_62_12_21_45_75_7_14_28_4_37_70_60_26_16_71_68_100_65_3_65_97_33_52_70_56_93_41_82_1_11_39_95_4_100_6_57_20,10,0.1264,-61.5
genes_1_75_8_72_67_16_38_3_14_6_57_21_13_87_15_96_64_14_79_79_56_92_91_17_23_64_26_52_89_75_2_12_68_38_95_42_24_14_27_44_84_63_33_67_17_81_0_10_87_7_36_28_29_83_87_8_90_35_42_36_40_19_98_3_11_82_18_47_61_51_2_75_8_26_100_25_16_28_3_78_87_73_22_9_58_72_33_21_68_35_39_84_85_69_100_53_48_2_32,10,0.1264,-61.5
genes_27_49_75_72_81_85_40_7_16_53_38_19_15_86_22_96_58_52_66_100_70_90_51_22_22_46_60_50_62_77_14_88_23_25_25_82_77_16_93_91_55_68_28_67_39_79_75_54_87_51_63_96_35_83_63_71_24_6_70_65_57_94_98_4_4_86_51_96_14_53_52_81_67_30_95_95_71_71_98_78_47_15_67_5_50_64_75_17_44_24_1_11_83_97_54_57_48_53_34,10,0.1264,-61.5
genes_18_60_50_67_72_39_66_59_17_56_57_63_17_4_69_75_7_8_74_40_54_78_87_55_18_73_15_47_52_24_10_12_41_2_75_66_24_15_12_5_15_29_3_86_53_11_0_21_89_3_13_94_29_3_51_8_0_87_66_62_75_55_95_15_37_96_14_7_17_29_9_76_7_22_23_25_69_26_29_26_64_55_93_13_38_74_43_76_47_69_2_88_92_53_86_79_55_32_49,10,0.1264,-61.5
genes_13_38_78_67_81_98_34_58_12_56_66_70_21_91_2_52_6_8_76_38_67_95_83_36_23_94_60_47_10_24_10_7_45_32_75_66_47_96_12_45_10_29_0_91_53_81_44_18_54_73_97_40_43_3_76_8_8_36_63_62_76_7_99_8_39_50_14_67_38_26_54_54_99_22_100_25_70_76_100_55_73_58_83_17_41_85_43_7_47_48_2_11_64_66_4_77_3_70_68,10,0.1266,-70.8
genes_49_52_22_67_81_71_43_77_54_53_59_15_84_83_0_79_2_9_85_40_21_100_94_45_22_93_65_10_77_23_94_18_4_28_90_59_93_16_27_68_50_54_18_50_13_89_66_14_45_49_65_15_11_79_60_66_78_60_14_61_75_58_90_12_10_44_56_7_19_77_15_76_62_28_24_16_1_78_90_43_81_41_65_1_59_77_74_96_68_82_35_83_59_77_17_81_70_2_18,10,0.1264,-71.05
genes_13_52_79_69_82_6_43_77_92_16_6_92_18_89_85_57_7_7_72_61_70_67_19_17_88_90_9_50_32_51_55_8_4_4_75_42_27_61_8_49_14_73_94_25_24_11_100_5_43_100_64_72_5_3_92_4_85_90_37_0_73_43_94_9_63_26_16_24_64_88_11_86_11_64_33_93_2_8_99_77_6_73_16_73_94_76_56_96_31_8_1_56_58_12_48_79_50_95_91,10,0.1265,-71.15
genes_4_70_38_24_55_92_37_18_16_52_32_94_35_38_74_61_70_10_73_79_53_0_4_91_29_50_23_46_72_56_59_12_40_59_69_1_64_13_95_31_82_74_66_55_17_42_96_0_29_86_15_99_18_0_56_85_8_35_18_2_51_37_49_56_26_48_78_1_14_75_23_75_88_60_100_43_70_71_9_6_61_55_84_51_95_76_76_11_47_34_34_84_51_49_33_94_3_42_15,10,0.1264,-71.2
genes_21_50_7_91_68_11_39_7_28_42_42_10_89_0_71_3_1_8_73_61_58_89_97_35_83_51_17_43_77_57_0_40_26_88_90_60_71_16_52_70_87_76_2_67_20_28_67_52_37_55_39_38_5_77_63_45_85_32_43_2_23_63_57_24_42_84_97_7_55_13_11_9_11_19_20_40_71_68_97_72_47_73_80_49_70_98_69_70_31_30_21_14_81_76_18_73_70_59_46,10,0.1262,-71.6
genes_13_53_77_89_0_24_34_74_57_47_99_6_39_77_22_79_3_16_96_61_50_100_56_37_12_56_66_47_7_50_2_22_55_28_90_59_6_21_27_92_50_94_13_50_13_97_96_89_49_74_15_71_25_73_100_4_20_32_21_37_67_98_90_12_42_92_13_7_86_13_15_73_67_28_20_16_76_50_100_25_90_41_97_4_94_76_74_38_68_29_39_46_47_28_44_81_0_97_18,10,0.126,-72.1
genes_8_67_35_87_69_0_7_83_41_14_42_26_19_77_22_83_43_34_84_73_47_72_5_0_22_67_38_54_90_43_16_24_47_64_22_15_88_11_93_45_0_72_10_54_17_61_13_17_86_24_66_100_34_83_51_22_65_10_15_93_35_55_94_83_12_39_0_100_65_47_17_86_66_31_24_70_21_20_99_74_57_73_18_0_55_83_78_67_44_48_30_20_52_80_72_100_80_59_65,10,0.1258,-72.5
genes_18_2_73_89_80_89_40_74_20_16_54_26_28_4_85_75_7_14_81_63_98_82_14_74_22_73_13_36_73_47_55_12_40_46_24_7_58_13_11_46_8_70_0_58_84_87_44_14_88_83_60_99_26_3_51_39_70_8_39_1_75_11_94_15_39_93_19_10_64_50_5_37_15_27_20_25_5_25_99_65_64_0_75_18_94_76_38_96_46_27_30_92_92_53_70_99_56_33_33,10,0.1258,-72.5
genes_31_62_74_67_80_92_38_2_28_50_32_45_91_46_18_11_47_4_15_95_27_77_96_35_22_60_12_55_93_83_15_17_28_59_10_42_43_16_52_44_87_76_32_14_24_91_0_0_40_36_58_93_28_79_87_64_17_73_29_0_31_55_98_28_38_69_99_91_4_35_11_78_62_30_100_97_20_20_90_76_87_90_83_56_52_73_69_43_37_8_35_88_59_97_12_98_7_57_46,10,0.1258,-72.5
genes_13_86_87_72_9_23_70_6_15_49_20_45_25_77_22_96_37_79_74_61_0_90_23_39_45_59_67_51_50_72_10_100_26_43_25_42_50_15_92_55_52_13_48_20_42_88_13_18_54_74_37_89_42_99_100_8_18_87_60_4_34_65_70_8_4_53_30_0_70_72_3_83_5_25_17_95_15_26_98_65_15_31_67_20_50_76_68_80_42_29_1_60_64_100_59_93_70_53_46,10,0.1258,-72.5
genes_49_53_24_67_0_89_40_77_54_88_55_15_89_83_0_79_50_8_21_40_21_100_6_35_22_41_38_57_81_19_2_44_5_19_90_59_68_16_27_10_16_75_13_54_37_94_99_18_49_49_60_95_11_79_100_2_78_83_21_61_57_98_90_12_10_45_16_3_70_43_9_76_62_28_16_16_76_74_100_39_29_41_97_1_52_76_74_96_68_82_35_56_53_81_44_77_70_30_18,10,0.1258,-72.5
genes_18_56_3_67_79_15_90_78_61_56_5_100_83_11_42_75_61_9_15_100_7_67_97_31_31_50_41_55_78_84_0_12_68_19_85_43_10_13_27_70_86_80_39_66_32_82_9_63_88_36_38_100_38_98_58_13_53_16_1_4_37_42_87_16_12_84_17_100_14_28_9_37_56_32_26_76_21_25_100_91_1_27_69_7_4_78_56_93_71_26_1_56_39_12_48_74_3_59_99,10,0.1258,-72.5
genes_13_68_38_10_55_66_70_76_5_60_7_95_32_34_85_48_58_10_67_4_53_91_56_91_22_21_56_39_78_29_21_4_23_72_69_83_71_13_21_76_15_82_28_93_18_12_43_48_40_64_66_100_18_2_54_3_19_7_28_0_59_64_12_10_25_88_18_72_40_48_14_78_73_36_95_10_35_45_9_3_19_27_13_51_95_64_27_89_66_64_31_88_48_21_35_100_70_69_49,10,0.1258,-72.5
genes_27_2_10_89_80_92_41_77_11_16_92_73_91_86_22_52_7_57_70_74_29_22_6_22_17_46_13_22_86_47_16_95_68_58_31_7_77_11_23_64_0_37_3_25_20_87_87_10_59_83_65_99_35_0_83_6_70_31_42_46_56_11_60_10_44_96_97_91_64_28_16_37_15_86_22_70_83_68_99_90_87_0_83_100_94_81_38_89_68_19_33_92_78_38_100_100_56_84_49,10,0.1258,-72.5
genes_8_2_2_89_79_0_7_15_27_10_5_24_91_0_91_81_97_4_68_73_4_67_7_0_25_59_38_47_96_59_10_75_50_64_29_15_88_80_93_45_52_73_3_54_18_94_31_10_86_74_37_89_37_100_99_7_54_84_32_6_72_42_98_8_13_94_0_99_70_47_17_86_47_27_17_70_55_23_99_27_14_64_67_0_55_25_34_28_70_8_33_60_84_91_72_93_42_59_1,10,0.1258,-72.5
genes_67_2_6_89_79_21_38_5_11_56_5_97_84_86_42_61_0_57_70_16_41_67_9_31_32_60_89_22_78_84_0_98_68_59_87_69_27_11_27_70_0_37_33_87_20_25_89_10_31_83_38_100_40_95_58_3_22_30_30_57_52_55_87_41_12_84_17_100_39_28_24_99_56_30_100_75_16_2_100_90_7_60_83_100_0_81_42_87_29_32_31_7_49_38_31_97_48_62_46,10,0.1258,-72.5
genes_49_63_39_86_79_14_56_16_57_32_32_45_84_18_76_50_4_61_15_67_44_73_14_0_85_41_74_43_77_12_2_16_39_88_53_55_84_69_69_70_84_80_13_14_13_0_65_4_48_82_91_90_20_73_44_79_83_64_16_4_54_35_21_12_92_84_0_15_15_75_10_68_0_19_96_100_16_69_98_91_77_67_82_50_72_75_24_96_90_82_35_10_47_74_81_98_28_62_50,10,0.1258,-72.5
genes_49_62_65_86_0_89_40_18_28_54_32_15_90_18_22_99_2_5_21_61_53_92_6_0_22_40_95_55_77_85_2_18_55_28_10_59_88_11_23_70_87_54_35_14_13_91_0_14_68_28_79_95_11_73_100_3_83_83_61_61_57_98_90_12_92_87_2_7_14_9_11_76_62_48_24_16_19_70_100_39_87_45_97_56_55_73_76_43_97_26_36_88_55_77_12_100_0_30_18,10,0.1258,-72.5
genes_29_27_11_85_79_42_10_27_12_56_5_24_73_77_22_54_72_84_85_71_97_72_14_49_26_26_15_14_82_84_14_87_80_5_68_50_50_72_29_74_24_57_33_70_32_25_89_22_41_78_33_99_19_0_48_3_9_35_38_41_52_8_37_11_19_84_97_15_19_31_28_73_61_18_22_97_49_40_90_43_61_59_69_0_38_84_37_7_70_32_23_81_56_80_48_81_3_56_99,10,0.1258,-82.2
genes_27_49_22_67_81_71_36_73_54_16_55_40_89_25_22_96_99_4_18_14_71_77_94_22_22_45_56_57_86_23_20_88_23_14_25_84_93_16_96_45_46_73_94_51_20_20_79_28_40_74_37_25_35_79_32_71_54_4_42_2_5_58_45_7_10_82_16_1_70_43_2_81_62_28_92_95_71_8_98_43_87_73_67_1_52_81_75_17_44_66_1_56_3_94_66_90_48_53_46,10,0.1258,-82.2
genes_18_63_75_5_81_14_38_73_53_48_61_44_16_18_22_43_54_27_69_64_86_90_81_33_85_23_67_94_74_12_2_16_68_44_58_7_76_69_23_10_29_54_7_45_13_8_67_14_48_61_40_98_11_99_100_68_78_12_30_39_75_35_90_10_42_84_2_7_60_72_8_83_43_39_96_21_19_69_88_82_77_11_82_41_85_75_82_96_67_82_35_84_84_40_81_22_96_39_50,10,0.1256,-83.05
genes_30_54_3_72_66_11_42_8_8_57_9_61_31_3_17_95_7_21_21_63_51_88_7_21_17_26_18_14_48_84_22_12_47_42_87_9_88_11_27_66_89_37_44_89_79_86_99_10_58_49_36_58_35_38_100_8_27_73_14_0_53_32_89_8_12_45_17_15_15_60_16_0_62_29_17_74_21_16_99_85_10_24_93_23_64_81_66_24_81_29_24_13_45_81_100_100_70_71_95,10,0.1254,-83.5
genes_15_62_65_93_71_89_40_18_28_53_36_50_31_18_22_100_2_21_15_95_17_100_6_0_12_50_38_11_50_53_2_15_28_59_86_34_26_11_27_11_87_75_15_65_13_91_0_14_26_28_79_99_55_73_100_8_83_73_17_52_54_32_98_14_92_87_1_13_14_56_29_64_66_14_27_97_76_29_99_76_87_74_93_56_60_73_74_43_97_29_30_16_47_78_44_98_7_34_21,10,0.1254,-83.5
genes_13_71_75_3_51_0_40_75_20_52_57_90_28_4_74_98_39_15_72_63_2_91_49_73_32_68_12_27_76_74_55_14_45_55_92_9_47_13_11_42_8_66_2_93_79_82_44_15_89_32_63_100_15_3_42_8_14_64_66_2_76_55_55_54_36_88_21_7_41_28_5_78_58_27_23_25_36_3_45_64_64_89_84_22_21_76_66_29_41_32_33_11_92_10_70_100_70_26_60,10,0.1254,-83.5
genes_31_47_74_72_79_87_40_53_7_54_32_45_91_36_0_100_1_12_92_95_0_92_96_48_24_46_99_55_75_44_54_60_37_88_68_34_59_11_13_5_87_74_32_14_24_91_44_13_31_28_79_71_30_88_59_6_79_32_29_0_77_55_14_97_92_87_97_15_86_9_22_70_69_45_19_47_71_22_100_76_87_70_83_35_32_73_72_43_97_26_1_88_47_74_4_98_3_57_21,10,0.1254,-83.5
genes_18_80_80_89_81_14_39_53_16_60_38_40_21_91_69_96_6_8_69_14_67_95_56_22_12_46_56_50_44_45_92_12_45_100_25_84_47_11_12_43_92_73_33_65_39_14_81_10_91_39_97_96_42_83_76_71_13_36_63_0_59_98_99_11_47_86_51_67_4_48_54_54_38_30_100_95_59_45_100_77_87_73_67_20_73_85_43_7_44_39_27_11_67_66_56_77_48_53_68,10,0.1254,-83.5
genes_49_53_3_90_80_14_42_16_57_32_85_95_18_18_22_75_41_4_76_100_21_90_97_56_85_50_41_15_78_12_2_14_42_19_90_59_64_13_59_10_19_83_29_90_37_82_9_22_49_83_45_95_43_98_58_79_22_39_65_3_39_7_90_13_50_1_13_15_39_57_2_37_64_23_24_2_71_25_100_39_1_27_97_36_29_76_21_96_71_37_36_78_39_40_44_74_5_34_46,10,0.1254,-83.5
genes_16_62_39_85_79_18_57_18_5_52_28_45_16_4_17_55_9_8_15_71_44_67_56_79_30_92_74_52_88_43_91_7_12_88_51_12_11_13_83_41_10_80_44_14_18_0_0_57_31_82_42_100_50_100_82_22_0_64_16_41_69_42_26_10_92_84_20_70_38_75_27_77_33_24_79_6_17_45_100_88_87_11_16_17_85_70_67_5_31_85_24_90_56_44_31_40_12_67_32,10,0.1254,-83.5
genes_13_71_75_1_78_11_36_2_16_50_57_22_16_46_20_11_50_69_11_83_53_84_14_1_28_94_68_57_80_43_14_12_23_56_36_42_80_11_31_42_52_72_44_87_79_28_67_51_44_25_91_100_40_2_99_24_19_10_30_39_56_100_46_8_42_45_83_100_59_56_11_78_58_17_21_40_77_18_99_85_10_73_14_22_85_67_34_12_86_85_0_56_55_97_16_100_5_60_63,10,0.1254,-83.5
genes_31_71_10_67_81_68_42_58_28_56_9_61_16_4_17_53_6_7_80_68_48_67_7_21_22_26_17_52_78_56_2_12_44_32_36_19_59_11_25_70_88_75_44_93_17_82_43_17_17_39_15_56_47_2_100_3_17_78_18_0_56_42_87_6_37_86_9_82_14_48_10_81_67_17_95_35_30_52_99_55_10_55_83_100_38_81_78_1_49_30_32_13_67_80_71_77_70_71_68,10,0.1254,-83.5
genes_16_52_75_67_21_12_43_81_20_88_55_97_31_83_74_67_100_10_69_40_71_77_95_91_7_93_64_55_77_76_92_44_5_19_90_83_93_16_19_70_16_14_91_93_20_43_99_48_40_49_62_100_17_2_51_66_78_10_14_2_57_58_12_11_10_26_18_67_70_65_11_73_62_28_14_38_60_25_90_43_87_69_65_51_52_70_76_26_72_59_34_88_59_21_35_77_70_69_46,10,0.1254,-83.5
genes_31_49_13_67_81_68_31_58_6_56_10_92_16_35_0_100_6_97_76_13_48_91_52_79_87_31_99_52_81_53_94_7_28_60_44_66_11_16_12_70_33_76_27_85_15_82_44_10_91_62_42_100_50_36_86_0_20_64_29_0_56_40_89_16_65_86_18_82_38_53_27_81_28_24_95_2_59_52_99_55_88_55_83_12_40_81_78_87_70_30_2_90_67_80_57_40_3_17_32,10,0.1254,-83.5
genes_45_66_38_1_0_73_70_2_12_12_38_73_19_46_33_59_47_9_66_10_9_82_0_18_22_86_64_53_43_56_16_88_40_65_39_6_59_11_12_50_15_53_30_93_79_90_14_13_5_43_66_66_35_2_96_69_86_10_42_0_46_58_86_33_92_29_18_15_44_51_24_81_5_31_14_95_7_7_98_81_10_55_94_47_52_64_87_70_68_48_19_93_84_78_22_76_6_71_59,10,0.1254,-83.5
genes_67_54_13_85_87_22_39_64_16_56_58_73_19_100_85_49_50_19_25_8_50_93_69_23_17_26_17_35_86_75_22_7_28_42_95_9_53_11_24_70_86_65_2_59_8_81_99_60_58_45_40_22_35_100_48_3_12_18_23_33_52_42_98_8_12_29_16_15_59_46_15_0_62_29_24_76_22_68_100_65_87_85_83_100_86_18_74_29_68_43_19_90_43_35_55_100_10_81_46,10,0.1254,-83.5
genes_18_77_75_72_86_21_40_81_7_6_47_94_16_34_55_52_100_10_79_83_56_20_14_1_28_60_15_47_87_43_5_12_45_56_92_12_40_14_96_31_84_81_33_53_75_28_67_15_44_0_36_85_18_83_99_29_22_35_30_57_73_42_50_17_26_26_22_0_59_92_5_74_5_39_21_75_39_23_88_85_7_14_14_8_85_80_33_74_67_30_39_30_85_36_16_100_48_81_59,10,0.125,-94.5
genes_13_52_75_97_72_53_43_8_16_56_32_20_15_84_22_58_7_10_20_71_7_87_72_2_22_60_65_16_54_98_68_95_45_19_85_47_93_16_16_45_85_64_14_54_98_89_89_22_36_57_15_33_12_98_87_8_12_2_14_33_70_9_100_8_50_29_97_4_73_47_15_87_37_28_92_16_24_25_59_86_1_89_45_35_32_81_66_93_65_64_73_20_22_40_100_100_8_59_3,10,0.125,-94.5
genes_100_68_87_68_81_35_84_18_28_50_42_66_89_49_69_48_6_9_79_61_50_89_86_35_23_18_64_52_83_50_5_2_4_32_90_66_71_16_12_70_94_76_1_67_53_81_6_50_58_39_100_67_23_77_83_33_17_73_18_0_75_11_98_10_7_29_16_82_4_32_11_70_11_19_74_40_56_21_100_75_13_59_16_4_79_60_69_29_47_30_1_19_67_88_28_73_3_42_68,10,0.125,-94.5
genes_13_66_33_89_68_3_37_76_5_9_38_98_39_87_20_48_58_19_61_17_50_77_25_15_18_46_86_54_44_29_59_36_23_65_24_7_21_20_21_15_10_82_28_54_17_12_85_7_26_50_36_28_29_0_66_12_19_4_66_2_59_75_100_6_92_96_75_75_12_53_6_73_58_19_100_95_30_65_90_3_19_37_83_13_75_86_27_89_31_34_31_15_84_53_4_100_54_61_33,10,0.125,-94.5
genes_16_52_75_3_81_39_37_74_12_48_57_92_16_0_24_78_61_4_94_61_86_87_56_33_26_23_43_52_65_43_65_7_68_100_25_7_9_20_24_41_29_81_7_85_39_28_0_57_58_62_40_94_50_36_100_68_54_64_30_41_69_39_26_10_42_93_18_8_38_64_27_83_28_24_19_25_59_28_100_74_88_11_92_11_85_67_82_93_68_29_30_30_56_40_56_40_12_17_32,10,0.125,-94.5
genes_70_52_11_72_78_21_70_14_7_56_47_94_18_3_29_57_57_0_79_79_56_37_91_48_12_60_64_52_87_47_2_12_41_38_93_7_27_15_17_29_86_78_33_53_17_94_7_43_58_65_94_85_26_81_87_17_18_64_30_60_75_19_60_17_36_82_14_0_86_53_24_99_62_24_19_81_16_16_90_78_7_43_79_8_1_73_32_84_68_35_37_90_47_47_10_53_4_81_51,10,0.125,-94.5
genes_4_64_74_93_80_53_43_23_28_54_32_20_16_35_29_100_0_4_15_71_7_92_72_56_22_50_95_55_80_75_90_92_28_19_85_47_88_16_92_70_81_74_32_14_37_89_0_22_36_28_43_99_30_78_59_8_18_2_29_0_51_55_8_14_72_71_18_0_42_9_11_75_64_48_100_16_20_22_59_27_87_90_45_53_38_73_32_93_97_39_39_42_27_40_12_98_4_7_24,10,0.125,-94.5
genes_2_38_75_67_81_43_28_21_4_56_44_70_84_4_69_55_100_8_74_38_11_92_87_17_23_86_15_49_81_27_10_85_41_62_75_66_50_15_12_31_5_57_2_14_53_81_6_14_91_73_60_100_20_0_65_8_78_35_30_62_76_40_37_8_38_74_96_25_15_72_2_100_61_22_23_97_69_26_99_23_12_58_46_16_58_88_68_55_43_84_36_90_85_23_15_77_3_39_68,10,0.125,-94.5
genes_18_57_7_78_80_62_87_4_12_53_10_20_97_68_65_58_50_8_72_71_55_87_72_56_45_79_41_16_80_75_14_8_45_34_85_36_46_15_92_7_97_29_13_53_29_89_44_22_75_62_18_19_21_98_60_8_18_2_14_0_74_11_90_6_50_71_18_0_76_57_15_75_60_85_100_16_47_25_60_11_0_89_97_100_38_77_70_93_50_82_39_88_53_40_48_16_34_59_57,10,0.125,-94.5
genes_8_71_65_89_80_92_52_77_23_53_9_61_31_94_85_75_7_21_20_59_17_91_88_21_22_61_13_10_93_45_42_16_55_46_75_93_77_9_27_64_13_78_44_25_13_87_91_87_58_83_100_58_58_73_100_8_83_80_14_47_75_32_90_10_42_80_1_13_14_56_11_37_15_89_23_30_76_29_95_5_84_74_75_34_94_76_74_96_68_17_32_92_52_80_44_97_0_59_49,10,0.125,-94.5
genes_53_67_82_89_75_73_73_83_16_16_41_1_19_72_25_83_43_4_84_63_47_81_56_38_22_56_23_49_93_10_18_24_68_49_95_1_63_13_89_66_90_53_10_93_17_88_89_19_87_24_66_100_23_83_64_18_0_10_25_93_70_55_72_83_12_39_14_14_64_44_24_81_38_31_93_38_27_70_98_74_92_73_80_11_80_79_77_67_69_48_100_20_52_12_57_81_77_60_46,10,0.125,-94.5
genes_8_52_10_89_80_71_52_77_54_16_5_97_89_94_85_11_50_8_85_40_98_91_6_35_22_46_13_36_54_47_94_44_5_46_90_67_77_23_19_64_16_75_63_54_13_94_98_28_89_49_60_99_34_28_51_66_78_10_13_2_57_11_45_11_10_82_96_6_64_43_11_73_15_28_15_69_59_23_90_43_88_0_75_1_52_81_69_96_46_66_1_56_82_80_36_77_70_2_46,10,0.125,-94.5
genes_70_56_80_69_78_23_53_86_28_57_5_100_89_35_29_61_1_82_15_24_41_67_9_31_87_50_89_46_78_47_75_7_41_64_93_7_11_15_17_96_86_78_39_83_32_87_89_45_31_87_63_85_21_81_58_3_57_16_1_6_52_42_87_41_36_92_11_100_39_37_24_82_56_32_19_76_21_16_100_74_73_43_22_6_35_78_83_43_85_29_36_94_47_12_11_100_3_86_99,10,0.125,-94.5
genes_18_53_7_89_78_70_42_16_57_34_59_41_89_1_25_10_41_8_66_71_21_73_72_38_22_71_38_57_77_74_14_16_68_100_85_42_71_16_59_10_18_75_3_90_36_20_44_82_49_83_95_100_42_98_100_8_54_83_12_42_49_7_51_12_42_44_15_69_39_36_1_83_38_28_24_33_52_45_100_39_91_60_69_36_29_73_24_96_68_37_35_8_34_94_59_74_42_49_52,10,0.125,-94.5
genes_16_67_39_1_87_23_33_2_5_29_13_45_84_46_29_57_7_4_17_10_44_67_3_34_31_92_74_53_68_4_90_1_33_88_53_1_18_11_15_46_87_80_2_60_79_0_89_1_31_82_94_98_54_4_54_69_0_64_11_81_54_58_86_14_39_84_20_70_43_75_24_68_70_28_19_41_71_45_98_81_93_67_79_50_52_70_78_67_35_82_24_93_47_78_31_98_7_67_23,10,0.125,-94.5
genes_8_66_75_90_80_72_37_77_15_16_32_40_91_20_22_96_7_4_66_74_98_91_10_22_22_46_13_50_43_47_59_96_88_100_25_7_88_11_41_64_10_78_3_50_13_20_92_10_91_74_37_99_34_83_98_39_57_1_39_51_59_98_94_4_4_96_51_7_64_69_2_37_15_25_22_38_54_23_99_77_87_73_67_20_91_64_38_91_46_24_30_92_83_80_36_93_48_53_49,10,0.125,-94.5
genes_13_51_75_71_67_16_38_17_12_56_41_97_17_17_18_97_57_46_77_71_1_93_49_0_90_56_64_31_77_98_73_82_42_59_97_43_93_16_16_45_55_14_66_93_98_28_89_10_36_7_60_92_60_6_76_13_12_5_42_57_17_31_98_11_12_39_18_15_59_55_24_78_37_30_92_25_13_49_22_43_10_70_16_36_32_75_76_47_65_64_30_60_84_79_100_98_10_2_46,10,0.125,-94.5
genes_13_52_79_0_73_80_39_7_11_16_13_92_15_35_85_75_100_8_9_100_94_94_14_49_85_18_60_48_62_50_15_4_4_20_58_42_77_16_23_91_55_76_33_27_20_79_100_56_36_55_37_7_32_77_85_100_85_35_39_65_57_68_66_9_35_60_69_50_14_53_11_90_6_30_100_93_4_68_100_73_47_15_16_5_35_76_73_23_41_25_1_56_59_100_5_57_3_60_49,10,0.125,-94.5
genes_32_51_80_78_87_87_42_83_48_34_9_61_21_91_5_53_7_4_90_100_76_91_83_67_45_86_62_50_78_46_1_70_48_99_31_93_59_9_19_70_93_13_34_45_79_14_88_22_91_51_38_58_58_98_54_8_78_43_24_0_57_11_27_6_50_80_9_67_32_46_3_75_80_29_26_33_10_18_100_74_0_69_93_4_44_85_93_7_68_71_1_1_52_95_0_61_69_84_50,10,0.125,-94.5
genes_67_2_6_89_76_21_38_5_11_56_92_73_2_86_17_52_37_57_68_75_54_22_28_15_36_60_26_22_86_49_16_39_68_59_31_9_27_11_23_31_0_35_33_16_20_31_99_10_59_83_65_15_35_92_83_6_22_30_30_57_57_55_60_24_47_82_97_91_4_24_16_99_49_30_100_75_83_68_100_90_7_89_83_100_52_81_45_92_68_43_33_86_79_38_100_100_48_84_46,10,0.125,-94.5
