AgentType,RoundType,Scenario,PeepConstant,EnforceMajority,AverageUtilityNonCats,AverageUtilityCats,AveragePopularityNonCats,AveragePopularityCats,UtilityLog,PopularityLog
homoSelfPlay.csv,"[""J"", 3]",SelfPlay,1,True,NAN,NAN,118.97412589514015,NAN,[],"[[112.44641447647095, 114.85031037720012, 116.52791248674896, 115.85891140329656, 113.21864613940429, 110.97868750731607, 124.9841913773291, 119.2764553046238, 138.05880621062366, 123.65559715238055], [109.15885981568007, 127.90376913190084, 120.75050335770874, 125.21758830070394, 116.71002512007499, 119.50860497013846, 124.58658020111304, 123.52741675881569, 107.43687392616323, 115.42785667430499], [119.07485783560861, 126.79031263604321, 121.60307482277855, 120.13756089700493, 121.75609992823942, 109.23196407872541, 102.46261787986393, 120.63894261963637, 116.21218191096142, 133.10838739113834], [110.80652615784173, 130.21007348415472, 116.28454104215362, 124.37471905809966, 126.01936710248594, 117.79974505101194, 111.92366083505647, 116.7349094070488, 127.37202276761556, 109.49043509453175], [117.70136650103746, 123.62061326616035, 136.51940054110864, 113.81043523213455, 111.60943058133154, 103.19420122321401, 124.29239443949106, 123.92476956612742, 118.28789613435993, 113.62977658004425]]"
homoSelfPlay.csv,"[""S"", 3]",SelfPlay,0,True,12.0,NAN,NAN,NAN,"[[10.0, 11.0, 11.0, 15.0, 13.0, 11.0, 13.0, 10.0, 13.0, 13.0], [10.0, 10.0, 10.0, 10.0, 10.0, 10.0, 10.0, 10.0, 10.0, 10.0], [13.0, 10.0, 12.0, 13.0, 13.0, 13.0, 13.0, 13.0, 10.0, 10.0], [16.0, 15.0, 14.0, 15.0, 12.0, 13.0, 14.0, 15.0, 14.0, 12.0], [13.0, 13.0, 12.0, 12.0, 12.0, 12.0, 12.0, 12.0, 12.0, 10.0]]",[]
homoSelfPlay.csv,"[""S"", 3]",SelfPlay,0,False,16.0,NAN,NAN,NAN,"[[17.0, 13.0, 12.0, 20.0, 17.0, 20.0, 14.0, 19.0, 15.0, 13.0], [14.0, 23.0, 16.0, 17.0, 20.0, 16.0, 13.0, 10.0, 14.0, 17.0], [14.0, 21.0, 16.0, 15.0, 18.0, 20.0, 11.0, 19.0, 16.0, 10.0], [13.0, 23.0, 18.0, 10.0, 21.0, 17.0, 14.0, 19.0, 14.0, 11.0], [16.0, 15.0, 18.0, 21.0, 16.0, 14.0, 15.0, 21.0, 10.0, 14.0]]",[]
homoSelfPlay.csv,"[4, 3]",SelfPlay,0.0,True,11.600000000000001,NAN,150.26451265447554,NAN,"[[10.0, 10.0, 10.0, 10.0, 10.0, 10.0, 10.0, 10.0, 10.0, 10.0], [10.0, 10.0, 10.0, 10.0, 10.0, 10.0, 10.0, 10.0, 10.0, 10.0], [12.0, 12.0, 12.0, 12.0, 12.0, 12.0, 12.0, 13.0, 13.0, 10.0], [12.0, 13.0, 12.0, 12.0, 12.0, 10.0, 12.0, 13.0, 12.0, 12.0], [15.0, 15.0, 16.0, 10.0, 13.0, 15.0, 13.0, 12.0, 16.0, 15.0]]","[[135.2457612834003, 163.77341261986552, 162.40873381961111, 149.0994458362992, 156.82713559415382, 156.55912292433126, 113.50697504554023, 147.08762598241657, 163.34408183743966, 154.7404136687867], [159.30703654821008, 168.71723329384707, 148.13701007934066, 163.19968819985738, 159.7403841492182, 148.91971687619866, 147.48371687123245, 155.01342814276515, 157.90099002233933, 95.21105480835163], [161.26236091728572, 142.23010800471286, 135.46921531236518, 144.45609105172423, 157.6163836363749, 146.57023212864834, 153.96565701706126, 156.29974033174463, 158.97572506742313, 146.7847455240203], [165.01242687247526, 147.08180046812632, 155.45399660967865, 125.20426212794568, 157.68533728928213, 153.77449072584156, 154.84186505197957, 134.12948874071932, 161.445786218799, 149.0008048865131], [150.46986956421856, 169.39743466601539, 156.2356799658897, 127.85759069894185, 150.55713958438218, 161.0238665035684, 143.3258585600864, 131.74692866727162, 157.22867671517298, 151.89910221230426]]"
homoSelfPlay.csv,"[4, 3]",SelfPlay,0.1,True,11.2,NAN,150.36302589913606,NAN,"[[14.0, 14.0, 15.0, 15.0, 14.0, 14.0, 14.0, 14.0, 14.0, 12.0], [10.0, 10.0, 10.0, 10.0, 10.0, 10.0, 10.0, 10.0, 10.0, 10.0], [10.0, 10.0, 10.0, 10.0, 10.0, 10.0, 10.0, 10.0, 10.0, 10.0], [12.0, 12.0, 12.0, 12.0, 12.0, 12.0, 12.0, 12.0, 12.0, 12.0], [10.0, 10.0, 10.0, 10.0, 10.0, 10.0, 10.0, 10.0, 10.0, 10.0]]","[[153.17813738809068, 142.1654240481266, 161.089145166602, 153.67519683450485, 108.13579453286296, 155.2568836160391, 158.39700298915312, 156.1530879435942, 154.40968571816396, 161.16990075422314], [163.11110857806625, 149.9599480216834, 148.08195220221242, 143.91916324278904, 163.244325816204, 143.90515283961517, 161.3213293273694, 131.0840215308905, 161.5045914549302, 137.49866597760015], [154.72875285614313, 162.049171180831, 146.4895599726681, 160.9448635688605, 152.22921063346593, 154.02788565810914, 158.05488293943534, 160.58325472105608, 106.8581862774655, 147.66449118332577], [158.72313985353253, 131.23792951204507, 140.1461826418081, 161.3803764579432, 155.98126290666482, 155.0049759155173, 125.18100527967182, 152.1554354946612, 159.02827742458913, 164.7916735049274], [137.14422511107904, 129.30969233850746, 171.72531315982874, 129.654523283093, 178.25881870518367, 139.60269678368365, 133.46443895339144, 164.56452054581794, 161.9527514221011, 157.95327868867457]]"
homoSelfPlay.csv,"[4, 3]",SelfPlay,0.2,True,11.200000000000001,NAN,150.13653127648766,NAN,"[[10.0, 10.0, 10.0, 10.0, 10.0, 10.0, 10.0, 10.0, 10.0, 10.0], [12.0, 12.0, 12.0, 12.0, 12.0, 10.0, 12.0, 13.0, 12.0, 13.0], [10.0, 10.0, 10.0, 10.0, 10.0, 10.0, 10.0, 10.0, 10.0, 10.0], [10.0, 10.0, 10.0, 10.0, 10.0, 10.0, 10.0, 10.0, 10.0, 10.0], [14.0, 17.0, 12.0, 14.0, 14.0, 12.0, 15.0, 16.0, 12.0, 14.0]]","[[154.36344535215304, 163.52982756793426, 146.9025445694372, 142.66416523350992, 148.29514298519496, 148.070996571783, 156.73145526719205, 146.90501471231136, 149.14692502008475, 147.02074171175997], [159.06291866347968, 152.74469351810455, 138.97276733048787, 162.29841231241943, 136.20700277766468, 136.30253318487186, 144.94198749708056, 155.70030063218982, 162.34915590595784, 155.0504871691043], [160.66568024432038, 157.47470609321786, 149.39590312047022, 130.4463821294525, 153.7827944374896, 156.48325416066206, 149.5729700634638, 140.0711270733987, 152.32467372239284, 153.41276794649258], [141.1064897126365, 149.18034444326906, 138.6775410344389, 127.9319560448643, 145.393821839696, 137.5447659626759, 166.42190622024893, 143.7918186376209, 173.5921030473251, 168.66478091616472], [163.42885191900396, 168.85020200484772, 129.3845840149361, 154.46688144539283, 140.55090586468302, 148.60449966196364, 155.8975179393106, 141.15607525895066, 163.78772492331126, 137.5030159589607]]"
homoSelfPlay.csv,"[4, 3]",SelfPlay,0.3,True,12.000000000000002,NAN,150.30653170277293,NAN,"[[10.0, 10.0, 10.0, 10.0, 10.0, 10.0, 10.0, 10.0, 10.0, 10.0], [12.0, 12.0, 12.0, 12.0, 10.0, 12.0, 13.0, 13.0, 12.0, 12.0], [10.0, 12.0, 13.0, 12.0, 12.0, 13.0, 12.0, 12.0, 12.0, 12.0], [13.0, 10.0, 13.0, 10.0, 10.0, 13.0, 14.0, 10.0, 13.0, 14.0], [14.0, 15.0, 15.0, 15.0, 12.0, 14.0, 14.0, 15.0, 14.0, 12.0]]","[[143.9365010009627, 157.98235095462442, 167.910854506371, 161.60083468044155, 100.14555174214257, 133.16135541779263, 166.5032285621916, 157.48128705312192, 161.0427083006713, 153.86558677304092], [156.3095011969217, 144.28072290451644, 134.93124983737604, 155.34255892631518, 156.35597334323265, 157.62323254879874, 143.79228582528162, 147.04124583465563, 155.208481007529, 152.74500756673362], [144.09116681052726, 150.76240896878033, 155.5310942238963, 162.07931153203845, 119.82517838267107, 151.31203656985218, 155.41578631061242, 141.82707669471853, 160.27415024700616, 162.51204925125782], [132.67162830264147, 164.6458461289911, 114.17684385938405, 172.30556789541166, 139.96358506354014, 153.4767815638743, 137.23585278346997, 161.6756748247832, 166.50178686783983, 160.976691701425], [155.72608205118942, 155.28022078580207, 137.25188611270423, 147.81174874362063, 144.9789624109234, 154.1697814216385, 166.71361912747716, 131.10571638899197, 168.70089503885902, 139.06663709199654]]"
homoSelfPlay.csv,"[4, 3]",SelfPlay,0.4,True,12.8,NAN,149.55529385010266,NAN,"[[10.0, 10.0, 10.0, 10.0, 10.0, 10.0, 10.0, 10.0, 10.0, 10.0], [14.0, 14.0, 14.0, 12.0, 14.0, 14.0, 16.0, 14.0, 14.0, 14.0], [17.0, 14.0, 12.0, 12.0, 16.0, 15.0, 13.0, 13.0, 15.0, 13.0], [10.0, 12.0, 14.0, 12.0, 12.0, 12.0, 12.0, 13.0, 10.0, 13.0], [14.0, 16.0, 15.0, 12.0, 15.0, 13.0, 15.0, 12.0, 13.0, 15.0]]","[[142.5646497707894, 154.60165175532154, 120.42984201645552, 152.7725152088831, 157.24021495771333, 152.2112742345671, 153.85581973250174, 158.43764566886486, 157.21892729716325, 154.2977183491007], [163.11383666444496, 108.34146247009433, 151.5206943223244, 155.16161095210393, 163.3771234010503, 153.92292529524437, 156.51473811801426, 135.35998941519583, 162.97423779420842, 152.89582611571313], [177.08158709106598, 146.46687415538491, 116.0053308306409, 127.92310255543612, 162.31260809998463, 158.54766305926756, 146.02017522354853, 132.68260220690527, 162.7754647856039, 151.5037888551013], [141.20218440168742, 151.872688826403, 152.42019383668494, 147.54030585617357, 155.2653499072652, 157.3553526600218, 138.1534182716993, 160.2322868689816, 137.24186913366788, 162.34660922877586], [109.4937868388256, 144.3921699368205, 138.96928863981987, 175.4396603761238, 157.18174275354377, 139.68823753493, 149.8368586133563, 149.6388602488837, 155.34474977733584, 166.01717839143936]]"
homoSelfPlay.csv,"[4, 3]",SelfPlay,0.5,True,11.599999999999998,NAN,150.14489772036896,NAN,"[[12.0, 12.0, 12.0, 13.0, 12.0, 12.0, 12.0, 13.0, 12.0, 10.0], [10.0, 10.0, 10.0, 10.0, 10.0, 10.0, 10.0, 10.0, 10.0, 10.0], [12.0, 12.0, 12.0, 13.0, 12.0, 10.0, 13.0, 12.0, 12.0, 12.0], [12.0, 12.0, 12.0, 12.0, 12.0, 12.0, 12.0, 12.0, 12.0, 12.0], [12.0, 12.0, 12.0, 12.0, 12.0, 12.0, 12.0, 12.0, 12.0, 12.0]]","[[151.72145293488995, 158.6767179438192, 152.81526641052443, 144.90541010398505, 113.53737580322012, 161.64331232737538, 155.9955514216545, 161.14347017102355, 160.16148205443548, 143.03021982043288], [145.16896269401914, 161.1985821615475, 161.85009535966708, 127.5123723202587, 163.01545988629712, 154.30000801009263, 154.773243586621, 128.6405522110852, 160.85080453443194, 146.32017822734022], [150.75060518995346, 157.0381242428861, 143.6076181507443, 156.87348636732764, 144.96275402289078, 148.13824874524016, 125.11546779356085, 159.04033207095466, 161.94016082952263, 156.16346157827994], [138.29434235319417, 147.42185445615496, 132.56417263937888, 146.29255644629106, 158.1055998134475, 155.05057072384892, 158.96808688618864, 147.7451950263281, 159.22751976469112, 159.49501109687358], [152.95530830945626, 151.68711290851584, 146.19437316572473, 158.02131346825573, 149.27502488341514, 122.3587918286342, 145.72220749832312, 159.4534607370966, 146.15604211758355, 161.36556492096398]]"
homoSelfPlay.csv,"[4, 3]",SelfPlay,0.6,True,12.000000000000002,NAN,150.1807921428966,NAN,"[[12.0, 12.0, 12.0, 12.0, 10.0, 12.0, 13.0, 12.0, 13.0, 12.0], [15.0, 15.0, 15.0, 13.0, 15.0, 13.0, 12.0, 12.0, 15.0, 15.0], [10.0, 10.0, 10.0, 10.0, 10.0, 10.0, 10.0, 10.0, 10.0, 10.0], [12.0, 12.0, 12.0, 12.0, 12.0, 12.0, 12.0, 12.0, 12.0, 12.0], [12.0, 13.0, 13.0, 12.0, 12.0, 12.0, 12.0, 12.0, 12.0, 10.0]]","[[155.91145631396216, 139.58254814469186, 153.91485014245944, 155.93643163721967, 159.2506586215597, 131.1461382764836, 154.00860602878268, 152.8244395130185, 159.4516955890683, 141.6034347241146], [146.9876252886497, 132.29818977510797, 180.7969192679678, 164.31527003741695, 138.30850821043535, 114.11296290457743, 173.66294769365012, 171.21578068306616, 141.48178211241017, 138.64961584331007], [153.53580644367003, 165.87315230754749, 158.1382138365809, 148.14341324089773, 135.54860727045968, 154.6400441866743, 148.6051461769168, 156.44176320947676, 130.34219055553237, 145.50869689569714], [139.8754638479635, 197.55288278093713, 136.19417340761478, 154.64116557696843, 139.1166064115473, 147.2060006353052, 143.6783990992699, 144.46298790766198, 165.77374200820947, 134.67103154658525], [184.99612434302418, 159.57372429976425, 124.23443097974597, 148.39767694924805, 165.8174998394593, 150.19162034106506, 152.87531788741384, 126.37437547373712, 131.42069204894497, 159.7487968289579]]"
homoSelfPlay.csv,"[4, 3]",SelfPlay,0.7,True,12.400000000000002,NAN,150.1796305779208,NAN,"[[13.0, 10.0, 13.0, 12.0, 12.0, 12.0, 13.0, 10.0, 13.0, 12.0], [10.0, 10.0, 10.0, 10.0, 10.0, 10.0, 10.0, 10.0, 10.0, 10.0], [14.0, 12.0, 16.0, 15.0, 14.0, 15.0, 12.0, 15.0, 12.0, 15.0], [12.0, 12.0, 12.0, 12.0, 12.0, 12.0, 12.0, 12.0, 12.0, 12.0], [12.0, 13.0, 16.0, 13.0, 15.0, 14.0, 15.0, 16.0, 14.0, 12.0]]","[[137.45214988332003, 117.32273171879662, 151.95131782480888, 160.71957861359766, 157.08001203957724, 152.16618601697434, 168.97136573215377, 148.4424836050697, 160.4282205706354, 149.09621298642708], [141.5813086142579, 157.45287978407345, 157.4269475809512, 155.57412391598717, 150.2632437202302, 157.43826063954947, 123.3221444982746, 142.63029827864364, 163.86181095373334, 154.0792410056597], [155.55409319471985, 146.22882559890937, 161.95160545732227, 132.5173879064515, 159.31973134549426, 156.86411112419577, 152.02018604464484, 140.76955817481803, 148.39130005479987, 150.01346009000474], [155.9718635998441, 156.92779829112703, 135.03163729519343, 158.9466621615339, 153.12509089564654, 158.20216943775617, 125.42912945985944, 153.14578067210718, 148.71920569520543, 148.96115542232312], [167.6179359529006, 147.1585369439073, 155.5404851292476, 144.89517762225708, 162.65348200936361, 162.0000319544627, 157.69067369633433, 146.36809202663585, 117.380735210085, 142.3251084461665]]"
homoSelfPlay.csv,"[4, 3]",SelfPlay,0.8,True,10.4,NAN,149.69164070568888,NAN,"[[10.0, 12.0, 13.0, 12.0, 12.0, 12.0, 12.0, 13.0, 12.0, 12.0], [10.0, 10.0, 10.0, 10.0, 10.0, 10.0, 10.0, 10.0, 10.0, 10.0], [10.0, 10.0, 10.0, 10.0, 10.0, 10.0, 10.0, 10.0, 10.0, 10.0], [10.0, 10.0, 10.0, 10.0, 10.0, 10.0, 10.0, 10.0, 10.0, 10.0], [10.0, 10.0, 10.0, 10.0, 10.0, 10.0, 10.0, 10.0, 10.0, 10.0]]","[[158.62041885331553, 158.23383960084414, 166.97624552411918, 149.97124882336453, 154.14136870762104, 134.3229584931898, 129.9478644072818, 155.30510841039376, 142.9494992782937, 153.1617068929371], [151.1958646435784, 161.84783569430147, 138.37095370616584, 157.5056829002396, 98.45353404666847, 151.49960774624148, 158.56948785946344, 159.1102110803948, 168.0097060945943, 159.06737521971283], [149.40815605527584, 148.59337676491242, 158.92241884689602, 166.80350913822008, 159.72698284719294, 150.66927251043597, 161.56114590987318, 159.48294884219067, 99.77183718839709, 148.69061088796633], [147.76157068122038, 147.97840546452133, 138.48312260155762, 146.16478033600677, 138.29404923753583, 161.30939477598423, 143.87208646917998, 168.40587157611935, 145.6502074870022, 148.58262567395386], [151.01110222414994, 156.90050126190806, 132.49301037136476, 150.77211922652214, 147.14023219694178, 146.81381772839663, 143.42289714121983, 132.93131490235015, 154.3967684029704, 171.3073805514561]]"
homoSelfPlay.csv,"[4, 3]",SelfPlay,0.9,True,11.599999999999998,NAN,150.03221041627856,NAN,"[[10.0, 10.0, 10.0, 10.0, 10.0, 10.0, 10.0, 10.0, 10.0, 10.0], [10.0, 10.0, 10.0, 10.0, 10.0, 10.0, 10.0, 10.0, 10.0, 10.0], [12.0, 12.0, 13.0, 13.0, 12.0, 12.0, 12.0, 12.0, 12.0, 10.0], [12.0, 12.0, 13.0, 12.0, 12.0, 12.0, 12.0, 12.0, 13.0, 10.0], [15.0, 16.0, 15.0, 15.0, 12.0, 12.0, 14.0, 12.0, 14.0, 15.0]]","[[147.68711990105024, 154.1608702059313, 150.11438828966982, 163.3491545802869, 155.42608430572844, 122.88615127290804, 148.12308458955792, 154.67068072714693, 151.1917169846608, 156.02100813442027], [159.8779975444673, 100.68775332362057, 162.8652578260208, 131.4788355672065, 156.2560621629521, 153.86663508485728, 147.89759324013917, 152.43536526834788, 174.02458161006243, 163.10753663795748], [159.82056010567388, 160.01000594783497, 163.1605690494393, 158.19744479878037, 145.56980118269308, 148.63414776013764, 143.63276304735638, 140.6983659276353, 140.68515415810884, 143.2214470137008], [142.55268731993388, 124.86185543304715, 158.88800996062557, 151.57040718734578, 167.22765665088872, 151.89697457766647, 147.92595724546806, 132.99210151466932, 158.1363375835545, 152.17013810101602], [146.50670794009332, 146.36119450492143, 156.04331242268123, 141.81778707262765, 133.12223760839427, 137.81951296462265, 160.40996079749883, 160.54005786888794, 170.3559001058529, 150.6535877057802]]"
homoSelfPlay.csv,"[4, 3]",SelfPlay,1.0,True,11.600000000000001,NAN,149.74603725750146,NAN,"[[10.0, 10.0, 10.0, 10.0, 10.0, 10.0, 10.0, 10.0, 10.0, 10.0], [15.0, 14.0, 15.0, 14.0, 14.0, 14.0, 15.0, 12.0, 12.0, 15.0], [12.0, 13.0, 12.0, 12.0, 12.0, 12.0, 12.0, 12.0, 13.0, 10.0], [10.0, 10.0, 10.0, 10.0, 10.0, 10.0, 10.0, 10.0, 10.0, 10.0], [13.0, 12.0, 13.0, 12.0, 12.0, 13.0, 13.0, 10.0, 12.0, 10.0]]","[[158.43510730480543, 161.38625728895036, 139.50799914532448, 150.15171674843418, 155.5768701800851, 152.2636517151059, 138.41402410546937, 155.4206183225901, 150.88778422094938, 140.60765864697333], [124.03285480088802, 156.9706535996761, 156.49802068276634, 153.90884126563586, 156.35365303592954, 159.8132886282515, 148.4062601526134, 153.21868756893195, 139.0379984681402, 155.39000078852774], [162.34384290121412, 152.48682424876634, 162.68878633168222, 159.22627277360777, 154.24170531510774, 145.43098874909305, 159.24123923268274, 125.31911611926084, 150.8650079433483, 122.7938685756444], [157.09933005828364, 156.50913162196633, 158.05549053938137, 156.92696380390694, 154.41738160021566, 153.05020722875776, 164.9966471362981, 125.5256103484539, 131.0160675479705, 145.6167611162228], [163.15071866102272, 172.63229004339323, 132.57925151358444, 124.9527099090768, 159.50885294667876, 156.5971657522344, 165.71505299527303, 129.938085366239, 123.4633807224316, 154.6311651032274]]"
homoSelfPlay.csv,"[4, 3]",SelfPlay,0.0,False,14.0,NAN,149.95562622743154,NAN,"[[14.0, 12.0, 16.0, 13.0, 14.0, 14.0, 14.0, 15.0, 14.0, 14.0], [16.0, 15.0, 10.0, 15.0, 16.0, 15.0, 10.0, 10.0, 16.0, 17.0], [14.0, 15.0, 14.0, 14.0, 15.0, 12.0, 15.0, 15.0, 14.0, 12.0], [14.0, 15.0, 14.0, 15.0, 14.0, 12.0, 14.0, 14.0, 14.0, 14.0], [14.0, 14.0, 15.0, 15.0, 14.0, 12.0, 14.0, 15.0, 15.0, 12.0]]","[[159.40360895365404, 144.42461818313467, 124.88124889389034, 145.7654979137987, 167.02188397806336, 152.360518357847, 149.7985670877622, 147.26331499078864, 152.53527624607312, 160.17572438634843], [155.55456881290942, 164.98160871229425, 129.56532718885603, 148.98448840946094, 147.02698374004967, 137.59828571129245, 137.72245481968702, 122.73065091058733, 205.00902413704915, 138.30855247537534], [157.76077548995116, 163.00469626095935, 142.28604525965213, 154.86060913895065, 145.24182156151693, 150.34992075658903, 162.88617810891878, 120.59422087590971, 157.8333905830988, 148.81260095581408], [164.50956148543244, 132.32382269012965, 160.46237736337616, 155.28027964354507, 151.79789895648543, 149.84605226027494, 172.8838264724944, 147.0447265902426, 138.6665852443041, 130.8151282850758], [145.1221187891643, 152.32628933243933, 143.02814906065353, 190.12339368308255, 136.20547666526505, 135.41539996065055, 129.70388698605478, 185.1162081239367, 137.6837180679096, 144.68394881077697]]"
homoSelfPlay.csv,"[4, 3]",SelfPlay,0.1,False,14.0,NAN,150.33535470194857,NAN,"[[14.0, 14.0, 14.0, 14.0, 12.0, 14.0, 15.0, 15.0, 14.0, 14.0], [14.0, 14.0, 17.0, 16.0, 10.0, 14.0, 16.0, 12.0, 12.0, 15.0], [15.0, 14.0, 14.0, 16.0, 14.0, 12.0, 14.0, 14.0, 15.0, 12.0], [14.0, 14.0, 14.0, 15.0, 14.0, 12.0, 15.0, 14.0, 14.0, 14.0], [12.0, 15.0, 14.0, 13.0, 13.0, 17.0, 15.0, 12.0, 15.0, 14.0]]","[[159.99971389618864, 160.75315617355483, 137.75912252698865, 156.9842108120697, 156.75555432997143, 155.0551206681865, 154.79116482651253, 132.68298781914478, 141.32959736419767, 147.51963057454583], [159.54978113777545, 161.05791372335813, 150.29189694539204, 149.93017225400837, 118.19888786835756, 147.1876872630155, 158.69906087606293, 160.35776618037693, 141.81287313967928, 156.54421960333437], [155.26433137099596, 158.42279768662107, 141.90914720711876, 168.93105425128073, 157.29961167631816, 154.50031759859516, 164.8764495234053, 151.4199059203876, 109.64570693484389, 141.36093682179393], [154.0666100215715, 140.44220943861188, 153.19450942875136, 156.2157861318265, 151.0520237884125, 155.16416103198387, 158.74526966114337, 130.2245051745408, 150.7663301250524, 152.37529433009138], [126.12550005587862, 149.18625378573154, 148.9922809824132, 176.90499317056035, 174.68060114237954, 122.21291291784863, 137.44483336814739, 149.27798776146727, 135.73141122274205, 183.0734845841919]]"
homoSelfPlay.csv,"[4, 3]",SelfPlay,0.2,False,14.0,NAN,149.93583680327097,NAN,"[[15.0, 14.0, 15.0, 15.0, 12.0, 14.0, 15.0, 14.0, 14.0, 12.0], [13.0, 12.0, 17.0, 12.0, 15.0, 12.0, 15.0, 15.0, 15.0, 14.0], [12.0, 14.0, 13.0, 14.0, 15.0, 14.0, 16.0, 15.0, 15.0, 12.0], [15.0, 15.0, 12.0, 14.0, 15.0, 13.0, 13.0, 15.0, 13.0, 15.0], [16.0, 15.0, 13.0, 16.0, 16.0, 10.0, 16.0, 10.0, 14.0, 14.0]]","[[152.86845308542559, 163.29745969019888, 158.15503468515845, 156.44220260522877, 156.35549360868438, 151.29816430367157, 148.9176016301535, 144.3211771739991, 150.99249869776298, 120.98217351107724], [154.1322262336486, 131.97655437050827, 142.0523596202264, 162.4374445914525, 158.34246860905415, 140.99789073606982, 160.22693903269777, 148.82082568760848, 149.62386248813533, 155.01968762195938], [140.70462554045372, 163.3879781111989, 142.87615749043414, 154.1301480715288, 153.48615497297533, 137.99391678582455, 142.62334537516057, 170.26306818086115, 155.54590874661156, 142.61895571631183], [130.8792537145822, 154.79970574332276, 132.88184317268195, 153.08251291076604, 149.4613601463185, 138.54880799821876, 147.75251145669202, 157.5079332551853, 150.48695371319064, 166.8699220871489], [164.9430652588061, 157.91305858571502, 164.33419702410342, 130.69668715602046, 169.85116540344833, 108.98976178379793, 143.20656282888146, 141.2382813093852, 158.42033341255924, 164.0371462286435]]"
homoSelfPlay.csv,"[4, 3]",SelfPlay,0.3,False,14.0,NAN,149.9263602914859,NAN,"[[16.0, 12.0, 14.0, 14.0, 14.0, 12.0, 14.0, 16.0, 13.0, 15.0], [14.0, 16.0, 14.0, 14.0, 12.0, 15.0, 14.0, 14.0, 15.0, 12.0], [14.0, 15.0, 15.0, 14.0, 12.0, 12.0, 14.0, 15.0, 15.0, 14.0], [15.0, 14.0, 15.0, 12.0, 15.0, 14.0, 16.0, 14.0, 14.0, 11.0], [12.0, 15.0, 12.0, 15.0, 13.0, 15.0, 16.0, 12.0, 15.0, 15.0]]","[[162.33109553876815, 146.05482325564716, 139.63209781817153, 154.68189381970416, 152.75896921478483, 125.27910542132304, 157.8034315571765, 159.21159631290712, 148.81376161877304, 157.06348443410508], [140.86259861033358, 139.29482106848008, 146.50226340061687, 173.74165210353866, 130.22319640639512, 152.717439974957, 160.1900167234797, 148.64104876567077, 166.51525499178393, 144.4601384829558], [158.30448913267475, 171.3857064761569, 144.75531116506176, 155.29702408261812, 151.9767880768871, 141.0328493636183, 158.27487596948154, 158.1572216519934, 136.3649951962508, 128.08099787661783], [159.22625077966165, 136.4643136157053, 143.88243210166726, 158.15752760159276, 153.16788469203823, 161.5136071668001, 148.9793961969441, 148.75736585033488, 141.54794958018076, 150.4730792981909], [122.02930591272015, 152.30745296911851, 132.30710366258188, 153.7872751572102, 157.40663779171396, 157.59429319796095, 149.49613719467462, 149.311627472209, 155.68282991148348, 153.81659591057567]]"
homoSelfPlay.csv,"[4, 3]",SelfPlay,0.4,False,14.0,NAN,150.06180365970653,NAN,"[[15.0, 14.0, 15.0, 12.0, 14.0, 12.0, 14.0, 14.0, 15.0, 15.0], [15.0, 15.0, 14.0, 15.0, 14.0, 12.0, 13.0, 12.0, 15.0, 15.0], [14.0, 15.0, 13.0, 16.0, 14.0, 14.0, 15.0, 15.0, 12.0, 12.0], [15.0, 16.0, 14.0, 15.0, 14.0, 12.0, 12.0, 12.0, 15.0, 15.0], [15.0, 13.0, 12.0, 12.0, 15.0, 15.0, 15.0, 15.0, 14.0, 14.0]]","[[167.68898385150007, 154.88203908272732, 160.03013597977494, 145.0780308423056, 123.7744764519587, 156.2807797119117, 153.58905492092882, 137.14160922906194, 156.7034770782459, 148.4616718429456], [155.49111940298724, 149.60532505114048, 161.39742223299243, 151.69572218016077, 153.93351576690034, 113.75039834161552, 162.87068040883696, 141.7952638347083, 159.87787384241767, 153.2129379296009], [152.6502324321323, 169.96059450949133, 142.6202121141058, 163.71655098622807, 137.20322234260587, 149.2214817613624, 149.96569957825514, 125.77652146409866, 151.7087631223402, 160.8069806807408], [163.25934543650604, 141.22329066462729, 164.29039808449335, 141.15525043213052, 145.28033450099133, 135.44451245122826, 137.9151754995478, 137.19138917330918, 167.58281341200848, 157.91619273862477], [146.78827167639955, 158.7074647354423, 146.21032312657914, 142.59194592530181, 154.1124383279714, 135.23867317202462, 151.5945641849898, 146.3135757131728, 154.24049537744833, 165.14295137844707]]"
homoSelfPlay.csv,"[4, 3]",SelfPlay,0.5,False,14.0,NAN,150.36302589913606,NAN,"[[14.0, 16.0, 16.0, 14.0, 14.0, 10.0, 14.0, 14.0, 14.0, 14.0], [13.0, 11.0, 12.0, 14.0, 15.0, 14.0, 16.0, 15.0, 14.0, 16.0], [14.0, 15.0, 14.0, 14.0, 15.0, 13.0, 15.0, 12.0, 16.0, 12.0], [13.0, 11.0, 12.0, 17.0, 15.0, 16.0, 12.0, 15.0, 15.0, 14.0], [14.0, 14.0, 17.0, 14.0, 14.0, 15.0, 16.0, 12.0, 12.0, 12.0]]","[[160.1778983785378, 151.4183244115257, 142.70812509179228, 161.51453299098574, 153.39128397050135, 150.2226064844456, 155.9314633823827, 167.0985785394233, 108.08729072716325, 153.0801550146028], [156.78565252884374, 163.9318641765121, 115.71047262589198, 156.60298733736067, 158.50908572842368, 154.94303520928003, 158.64495350608826, 134.91078900495359, 142.95876323954988, 160.6326556344565], [146.94506264509042, 152.17714935745082, 160.56735828106397, 159.84043135781906, 163.15183410180265, 160.71607870761434, 160.70304273439328, 137.77427899014188, 153.78615816638813, 107.968864649596], [138.61989630543692, 139.1622519292897, 155.08584823487246, 150.35401212786326, 158.5138646274837, 164.14344727274695, 144.95140864559744, 142.26177631122673, 155.06296653478933, 155.474787002054], [152.93750445084882, 170.74822021683195, 109.83282387028503, 161.2201030840335, 158.297522601774, 148.86319250836857, 168.39520021657222, 136.59633238695125, 164.75286958198748, 131.98649007370773]]"
homoSelfPlay.csv,"[4, 3]",SelfPlay,0.6,False,14.0,NAN,150.10811715617712,NAN,"[[14.0, 14.0, 15.0, 14.0, 14.0, 12.0, 15.0, 14.0, 14.0, 14.0], [13.0, 15.0, 15.0, 15.0, 14.0, 12.0, 12.0, 15.0, 15.0, 14.0], [14.0, 14.0, 15.0, 15.0, 12.0, 12.0, 15.0, 14.0, 14.0, 15.0], [16.0, 12.0, 15.0, 14.0, 13.0, 14.0, 15.0, 13.0, 14.0, 14.0], [13.0, 13.0, 14.0, 13.0, 15.0, 14.0, 14.0, 18.0, 14.0, 12.0]]","[[160.14239107124408, 154.38706245944343, 148.12313494644872, 152.16370615419964, 137.43442151841032, 152.39650803179393, 152.60927202595482, 142.70211477367985, 152.6563242120576, 151.01532379812826], [106.78546737722492, 161.06274135682443, 160.05566076143225, 155.14164951005668, 151.8889842656339, 161.6284197298115, 133.50074722763452, 157.26604711611537, 155.9277519393983, 160.37278970722863], [160.6588200755327, 120.50585352420602, 163.26276396983346, 151.19981685422897, 147.00422448393553, 139.14600415456985, 166.12190868934977, 160.15425832676812, 147.18804560194266, 148.38856331099342], [154.35090829109132, 119.37311071714852, 151.5859062420438, 143.23421113650295, 156.14079340801428, 155.52163430835105, 167.62456914580764, 144.90242064241568, 151.0367900068507, 159.85991509313465], [146.28737660302676, 142.21940403446814, 146.98595714612264, 133.34398363572438, 163.43692596559794, 129.3197749664453, 136.43302605569383, 176.2723699670176, 171.2943203803414, 145.29168308897576]]"
homoSelfPlay.csv,"[4, 3]",SelfPlay,0.7,False,14.0,NAN,150.27550488640708,NAN,"[[15.0, 14.0, 15.0, 12.0, 15.0, 15.0, 13.0, 12.0, 14.0, 15.0], [15.0, 14.0, 14.0, 15.0, 14.0, 14.0, 14.0, 14.0, 14.0, 12.0], [15.0, 16.0, 10.0, 16.0, 15.0, 16.0, 15.0, 10.0, 15.0, 12.0], [15.0, 15.0, 14.0, 14.0, 12.0, 12.0, 14.0, 16.0, 14.0, 14.0], [12.0, 15.0, 13.0, 15.0, 14.0, 15.0, 15.0, 15.0, 14.0, 12.0]]","[[161.30410962317063, 155.97036679426316, 156.34203247589267, 116.8864952589919, 156.27568380324183, 164.2533870818885, 148.24206534173618, 132.24906150903905, 165.49745989024356, 146.60959721289325], [157.5629142090821, 152.335032159214, 156.70414137249546, 153.78893594069984, 155.32412747742117, 133.64971673788034, 156.9614991178213, 160.57828993444346, 128.21277724439997, 148.51282479790308], [160.59221808323773, 147.63060115605873, 123.81006043253102, 157.41970645884658, 159.0454514861273, 173.0060342851978, 155.11881942366884, 129.97412109965313, 144.93497243006925, 152.09827413597037], [158.34350746275575, 149.6582030727827, 137.7532646210309, 150.49131986354968, 156.0531895301201, 137.98342742686083, 156.92171834576092, 150.22452445949182, 151.70536639264085, 151.89900505891234], [143.44111136867232, 160.3786547471762, 135.49465706888628, 154.75878902955705, 157.69110898814918, 166.04993740950974, 150.00885918228795, 137.13729552888594, 150.72734696074107, 146.16318082849952]]"
homoSelfPlay.csv,"[4, 3]",SelfPlay,0.8,False,14.0,NAN,149.90775767046713,NAN,"[[12.0, 14.0, 15.0, 15.0, 14.0, 12.0, 15.0, 15.0, 14.0, 14.0], [14.0, 14.0, 16.0, 16.0, 14.0, 10.0, 14.0, 14.0, 14.0, 14.0], [15.0, 14.0, 14.0, 14.0, 12.0, 14.0, 14.0, 14.0, 14.0, 15.0], [12.0, 12.0, 18.0, 16.0, 14.0, 12.0, 15.0, 11.0, 16.0, 14.0], [12.0, 16.0, 16.0, 12.0, 16.0, 16.0, 16.0, 10.0, 10.0, 16.0]]","[[143.47492532070575, 122.9146395062597, 155.7969086440705, 159.93301237172955, 150.0651258816084, 162.54346493209871, 159.49009167787227, 161.20061210581025, 140.1209633563099, 147.2012456743762], [153.8495328757091, 121.478931296217, 155.82556223164866, 151.73628448134022, 162.22266417391745, 150.2374051148492, 152.46516639785622, 154.40919837113393, 151.33449529403794, 150.0710187546509], [122.65163039380616, 153.27833209968594, 155.71054244761686, 157.43320504921707, 145.02013205617766, 156.98870118646337, 159.01547484194126, 153.6360516257647, 154.22132227725575, 145.6748670134318], [145.11474504898953, 150.6302074646412, 149.47288970296168, 148.5559647762762, 178.23829731579409, 144.80856121660648, 158.59207668272785, 126.51514184556495, 136.8948584597004, 164.80751647809822], [140.01014301585633, 168.79633000971674, 163.1363572469868, 134.55184155200163, 140.76873950956295, 166.17107534589158, 140.73000710868718, 130.00255002361064, 147.57308075225393, 150.0159925138667]]"
homoSelfPlay.csv,"[4, 3]",SelfPlay,0.9,False,14.0,NAN,149.80567235745792,NAN,"[[14.0, 15.0, 14.0, 14.0, 15.0, 12.0, 15.0, 14.0, 14.0, 13.0], [12.0, 13.0, 15.0, 15.0, 14.0, 14.0, 15.0, 15.0, 15.0, 12.0], [14.0, 13.0, 16.0, 13.0, 14.0, 10.0, 15.0, 14.0, 16.0, 15.0], [14.0, 14.0, 14.0, 14.0, 14.0, 14.0, 15.0, 14.0, 15.0, 12.0], [15.0, 17.0, 13.0, 15.0, 16.0, 14.0, 12.0, 11.0, 15.0, 12.0]]","[[142.8827387225483, 157.07730219285753, 166.52475596297967, 158.50922368191732, 161.7443112201323, 132.57554480836663, 156.69246160007722, 163.36966790559944, 139.25766437336162, 124.99658852352063], [162.4431997514302, 134.88741924402595, 166.09968246600016, 153.16439730270778, 150.15696600045658, 151.4380756572095, 158.85041642702933, 142.37726840156674, 159.25940889247084, 124.95342484846341], [154.3505094436592, 163.19920181102208, 150.16930923563066, 146.73061995061323, 157.8675978328568, 113.36841971500351, 153.56476726298393, 157.75586470007323, 150.82168206364213, 155.80228697587572], [148.04738704766402, 163.31017866599385, 150.2392865261676, 160.123871579108, 157.0686784872406, 153.51742173736503, 144.96989432150085, 113.8362059066002, 158.217221830998, 154.30011288872248], [149.0921496392564, 133.02233215227207, 157.79094306017956, 198.7938297064862, 135.27936341463726, 175.0029447619666, 139.74464021847604, 114.94203930889667, 135.17819892420863, 136.91614072107464]]"
homoSelfPlay.csv,"[4, 3]",SelfPlay,1.0,False,14.0,NAN,150.36302589913606,NAN,"[[12.0, 15.0, 15.0, 14.0, 14.0, 14.0, 14.0, 14.0, 12.0, 16.0], [14.0, 14.0, 13.0, 16.0, 15.0, 14.0, 13.0, 12.0, 14.0, 15.0], [15.0, 14.0, 15.0, 14.0, 14.0, 14.0, 12.0, 14.0, 14.0, 14.0], [12.0, 13.0, 16.0, 14.0, 14.0, 14.0, 14.0, 15.0, 14.0, 14.0], [14.0, 12.0, 15.0, 12.0, 15.0, 14.0, 14.0, 15.0, 15.0, 14.0]]","[[150.99980972164937, 161.22756029964512, 158.6667277143557, 159.50803187551162, 158.77322556767473, 160.8989908161002, 152.15103177048587, 140.4416898022828, 105.22708918554834, 155.73610223810695], [148.61568661936766, 135.4047954355038, 151.36733886069584, 158.57748587647265, 164.66655313788578, 140.72110355655286, 155.3758178187173, 139.5520459884772, 151.44698555427112, 157.9024461434163], [161.07726040708732, 151.92559526792633, 114.70953781399258, 152.1336810374921, 164.64091287448065, 155.05908270602697, 159.1668898322144, 149.0320796621414, 140.45486140067882, 155.43035798931993], [156.81940624046706, 149.04009660787463, 154.85558024619397, 147.8086093601166, 153.36963681120872, 157.87887081256824, 152.71009419031589, 157.35810546508117, 121.48780108750273, 152.3020581700316], [156.32786561990198, 154.31190076693127, 143.84342175950397, 103.0550447689633, 160.79457902678493, 152.9381494150279, 144.90230707087252, 163.1537049924905, 164.5172921389378, 159.7859934319463]]"
mixedSelfPlay.csv,"[""J"", 3]",SelfPlay,1,True,NAN,NAN,118.01748834382616,NAN,[],"[[128.27953388521115, 130.07609800230134, 115.78714566717395, 132.3775869716199, 111.68065528487813, 117.96055178639185, 123.61943761494285, 95.26495295287239, 109.53808433863523, 118.79376194408553], [121.63875209521336, 110.39859515388954, 121.37986977584023, 131.31156348114973, 115.33772045646188, 107.16234987306811, 125.64098595967806, 115.93048755533184, 115.6395764550268, 116.5324927174425], [112.94310209399319, 115.64467207659158, 116.58660591960145, 120.12510909159207, 128.36262358806923, 125.99226461262177, 118.5348304020664, 102.54439531411163, 122.59074902608828, 117.28700320999988], [128.76600893140687, 113.82690644861597, 110.69854043048886, 128.66241151581585, 113.86481827509704, 115.97682708056954, 129.2000408481944, 125.81919896204528, 92.28224477271954, 118.09729344322648], [114.01336406019885, 123.99338474017804, 118.84899835028762, 114.76003518453246, 114.71921400101306, 125.61343493155562, 124.86124222254566, 93.9204166871229, 125.35911331195993, 122.62936568778417]]"
mixedSelfPlay.csv,"[""S"", 3]",SelfPlay,0,True,11.200000000000001,NAN,NAN,NAN,"[[13.0, 12.0, 12.0, 19.0, 15.0, 13.0, 10.0, 15.0, 14.0, 17.0], [10.0, 10.0, 10.0, 10.0, 10.0, 10.0, 10.0, 10.0, 10.0, 10.0], [10.0, 10.0, 10.0, 10.0, 10.0, 10.0, 10.0, 10.0, 10.0, 10.0], [10.0, 10.0, 10.0, 10.0, 10.0, 10.0, 10.0, 10.0, 10.0, 10.0], [14.0, 12.0, 12.0, 10.0, 10.0, 13.0, 10.0, 14.0, 12.0, 13.0]]",[]
mixedSelfPlay.csv,"[""S"", 3]",SelfPlay,0,False,16.0,NAN,NAN,NAN,"[[13.0, 18.0, 13.0, 19.0, 15.0, 16.0, 15.0, 19.0, 16.0, 16.0], [14.0, 19.0, 14.0, 14.0, 19.0, 14.0, 14.0, 16.0, 20.0, 16.0], [15.0, 17.0, 16.0, 15.0, 20.0, 18.0, 16.0, 14.0, 14.0, 15.0], [20.0, 22.0, 15.0, 17.0, 10.0, 13.0, 15.0, 19.0, 13.0, 16.0], [16.0, 15.0, 14.0, 15.0, 11.0, 14.0, 17.0, 24.0, 20.0, 14.0]]",[]
mixedSelfPlay.csv,"[4, 3]",SelfPlay,0.0,True,10.8,NAN,146.19195559749386,NAN,"[[12.0, 12.0, 12.0, 13.0, 10.0, 12.0, 12.0, 13.0, 12.0, 12.0], [10.0, 10.0, 10.0, 10.0, 10.0, 10.0, 10.0, 10.0, 10.0, 10.0], [10.0, 10.0, 10.0, 10.0, 10.0, 10.0, 10.0, 10.0, 10.0, 10.0], [10.0, 10.0, 10.0, 10.0, 10.0, 10.0, 10.0, 10.0, 10.0, 10.0], [10.0, 16.0, 10.0, 13.0, 13.0, 10.0, 13.0, 12.0, 10.0, 13.0]]","[[146.23059123078906, 148.79925088929974, 140.43978721216746, 159.5644857451664, 159.4405700016616, 154.42563871315122, 153.0308171637937, 138.8733659357018, 138.34377678010426, 147.9631496181988], [127.79766562978502, 163.97214672074955, 157.6495378050816, 133.73689187396675, 147.86640348890023, 168.42100164517598, 155.5624442478229, 112.0605314953164, 176.8352429388917, 146.56222477349235], [151.33653114377427, 142.87579955428012, 145.37014146096828, 128.43487080227436, 160.31190748344477, 150.12429019101253, 146.73680867790208, 79.96916544073163, 173.8939194864584, 141.45228899754798], [185.73901548318233, 142.22321382053934, 146.38517451927382, 104.88640660422055, 174.47422745532646, 142.0605830315376, 126.63956795747089, 114.094072647251, 127.31641557955146, 182.44787001786548], [153.6767908871729, 172.81348471820095, 110.35855142876746, 170.42271541048942, 149.36522265525508, 118.78857111032708, 146.7141806682058, 161.26949314627657, 133.9897081183551, 147.85126746781256]]"
mixedSelfPlay.csv,"[4, 3]",SelfPlay,0.1,True,12.0,NAN,149.14736821453283,NAN,"[[12.0, 11.0, 12.0, 13.0, 12.0, 11.0, 12.0, 12.0, 13.0, 12.0], [13.0, 12.0, 12.0, 12.0, 12.0, 11.0, 14.0, 11.0, 12.0, 11.0], [12.0, 12.0, 12.0, 13.0, 10.0, 12.0, 13.0, 12.0, 12.0, 12.0], [12.0, 10.0, 12.0, 11.0, 13.0, 11.0, 13.0, 14.0, 11.0, 13.0], [12.0, 13.0, 12.0, 11.0, 12.0, 12.0, 13.0, 13.0, 12.0, 10.0]]","[[159.11414144957013, 142.91299253305849, 140.05763197773456, 162.6184971197973, 148.78229280943734, 130.71717204232044, 157.3248147700463, 130.79166015409868, 164.87647549706276, 156.52470814729978], [151.55337695271137, 166.70056705833161, 145.1753415877048, 156.46164978422945, 158.81079935308287, 137.7758965237918, 151.97771319458153, 134.88627739056443, 141.98012995886506, 147.93030414837781], [153.56270009496382, 147.2862035722315, 151.52749771314424, 137.20499187890496, 131.29327866972315, 158.11906171726062, 171.50118274158342, 129.15348999220907, 154.18563812605686, 160.03379363827756], [158.31810498837683, 122.91995390029523, 163.0623893714786, 147.61944394053936, 150.61018596137134, 138.40811883097146, 161.21729282872076, 129.60712824957804, 144.61954134628775, 172.28837990850352], [142.5007763393659, 160.7182970763203, 162.85408550783853, 144.59885820712196, 152.8391027209713, 158.4152221303833, 159.43529126602985, 122.60635893916222, 145.9713942595898, 137.91820435671303]]"
mixedSelfPlay.csv,"[4, 3]",SelfPlay,0.2,True,11.6,NAN,149.0067919076293,NAN,"[[10.0, 10.0, 10.0, 10.0, 10.0, 10.0, 10.0, 10.0, 10.0, 10.0], [12.0, 13.0, 12.0, 12.0, 12.0, 12.0, 13.0, 12.0, 12.0, 10.0], [10.0, 10.0, 10.0, 10.0, 10.0, 10.0, 10.0, 10.0, 10.0, 10.0], [12.0, 11.0, 12.0, 13.0, 13.0, 11.0, 13.0, 12.0, 11.0, 12.0], [16.0, 15.0, 15.0, 13.0, 14.0, 13.0, 12.0, 15.0, 13.0, 14.0]]","[[128.17407962248393, 150.6713190595997, 147.77686044990935, 155.42354837976694, 155.1518561168611, 163.4849657450738, 151.4881468361689, 135.48760441389305, 156.90462834689848, 149.8034661229313], [158.07257500815376, 149.42150277173343, 159.91586053467765, 164.17924146962326, 154.1224511761639, 158.45897751561657, 151.337747840098, 133.68864268378707, 134.80809267523554, 129.82497636597296], [117.73621954196513, 159.32425848233808, 115.09770021295435, 108.64424579438034, 174.30753576777835, 161.8550342373769, 166.6235788330783, 135.00163097610917, 161.36236518055298, 192.1347175271378], [148.8544951284401, 151.40602154120006, 165.37557737056235, 156.73548065874104, 161.04863177124207, 151.337641336202, 144.41001934522308, 115.29392968699467, 130.55864746528303, 161.4608324810581], [161.52742157081613, 158.7498696429248, 163.93614824552407, 133.28153004535383, 150.6115411136571, 148.0801728676479, 147.3800272020566, 128.2492932383538, 142.8272687084802, 148.93121627338377]]"
mixedSelfPlay.csv,"[4, 3]",SelfPlay,0.3,True,11.200000000000001,NAN,147.0019746451607,NAN,"[[15.0, 12.0, 14.0, 14.0, 14.0, 14.0, 13.0, 15.0, 13.0, 16.0], [10.0, 10.0, 10.0, 10.0, 10.0, 10.0, 10.0, 10.0, 10.0, 10.0], [10.0, 10.0, 10.0, 10.0, 10.0, 10.0, 10.0, 10.0, 10.0, 10.0], [10.0, 10.0, 10.0, 10.0, 10.0, 10.0, 10.0, 10.0, 10.0, 10.0], [14.0, 14.0, 10.0, 14.0, 10.0, 13.0, 13.0, 10.0, 12.0, 10.0]]","[[152.03127743495924, 131.26670686790283, 159.8490421036773, 135.86848756903362, 157.95629509709286, 150.1028699651616, 164.81293411936133, 127.85624458701675, 138.61092449650556, 173.616362921388], [139.12114064773328, 145.72937881484435, 156.20033633985406, 142.99311727269918, 138.80547384392406, 163.32945241330683, 154.95967816733656, 139.9668209019815, 154.84033456962823, 155.6901255374023], [154.44771596361446, 154.77516980055975, 170.16560900029444, 137.14975634114316, 148.3662676894486, 138.98320370700708, 132.5246189804189, 138.14586976040644, 153.70831507278874, 141.03408723605426], [174.2200869452611, 159.2943972186211, 163.3144277326722, 102.10440775625221, 162.01377810859188, 107.27670888878187, 144.82011201987459, 109.20862642243796, 163.75407556238778, 159.73653221889975], [155.66336328043957, 137.68724676017456, 151.09943304013282, 144.3950619538513, 157.49445593729854, 162.21449460723338, 130.71640283672272, 133.20706401399931, 135.1568463256065, 143.81359340625056]]"
mixedSelfPlay.csv,"[4, 3]",SelfPlay,0.4,True,11.6,NAN,146.91538446482338,NAN,"[[13.0, 12.0, 12.0, 13.0, 10.0, 12.0, 12.0, 12.0, 12.0, 12.0], [11.0, 13.0, 12.0, 12.0, 12.0, 11.0, 11.0, 13.0, 12.0, 13.0], [13.0, 12.0, 12.0, 12.0, 12.0, 12.0, 12.0, 13.0, 12.0, 10.0], [10.0, 10.0, 12.0, 14.0, 10.0, 13.0, 14.0, 12.0, 13.0, 12.0], [10.0, 10.0, 10.0, 10.0, 10.0, 10.0, 10.0, 10.0, 10.0, 10.0]]","[[151.5685490056792, 144.4666159444, 154.24404120935523, 153.71141012768595, 136.09079868620188, 163.1257355569045, 145.52404551895583, 140.7613203547948, 150.83782811123078, 150.71426256045547], [110.39887649822099, 148.9418711753576, 159.16725337318633, 162.91418394253253, 160.25353249901715, 151.13866883284427, 129.16101084848788, 142.63509939798882, 171.48937537671148, 147.36174543690385], [162.65169068616527, 150.1474079019236, 134.87809915999514, 103.87675631102218, 171.1716395949866, 154.089214378227, 166.10073988198465, 128.96941884189857, 155.65314949788933, 156.38490498450807], [152.39149129061184, 98.36984845438856, 145.67368259689124, 177.48746555015126, 127.10419522040551, 149.56956087850878, 169.77080025105258, 139.0745897367991, 147.99088696923351, 144.9166808818338], [150.22491736423288, 152.05381263504862, 174.27705071453641, 161.4804216692513, 150.42671831669097, 156.7828367955221, 140.7336497710047, 126.90074883954217, 111.56281715803364, 110.54780245191581]]"
mixedSelfPlay.csv,"[4, 3]",SelfPlay,0.5,True,11.2,NAN,149.118668319664,NAN,"[[12.0, 10.0, 12.0, 13.0, 13.0, 12.0, 13.0, 10.0, 13.0, 12.0], [12.0, 12.0, 13.0, 10.0, 12.0, 14.0, 11.0, 11.0, 12.0, 13.0], [10.0, 10.0, 10.0, 10.0, 10.0, 10.0, 10.0, 10.0, 10.0, 10.0], [12.0, 13.0, 12.0, 12.0, 12.0, 12.0, 10.0, 12.0, 13.0, 12.0], [10.0, 10.0, 10.0, 10.0, 10.0, 10.0, 10.0, 10.0, 10.0, 10.0]]","[[150.98064992027236, 135.86576076198904, 146.15378167233712, 162.28162462235056, 156.81105793396955, 150.8318334930873, 156.7461385267176, 142.79943411620894, 146.91577183831257, 144.7252143562382], [166.30042232517036, 164.62616632532476, 165.42103893891075, 139.53666401531544, 145.71962010595155, 159.71474995150868, 126.17523019305285, 131.26798918727118, 146.87929136377159, 148.33007096885055], [143.86849818074938, 152.9687229323682, 147.47646732755058, 149.98403830932304, 161.45472328379284, 165.38557739794302, 169.3551464528067, 128.05024658933655, 137.7875236745344, 136.83298648290176], [142.5635308585779, 145.59122558624318, 158.2964388625752, 173.4560994868657, 143.72727261347873, 146.7382279888007, 148.24995359730536, 130.04191641482734, 150.52729224946032, 154.6382066738736], [142.55662692724343, 180.51090949986093, 111.26941191434567, 173.0679859365572, 182.76298758992044, 159.3306008158138, 140.21355390157322, 101.92550355562457, 143.23482728222007, 145.9844029801145]]"
mixedSelfPlay.csv,"[4, 3]",SelfPlay,0.6,True,11.6,NAN,148.65912722149181,NAN,"[[12.0, 10.0, 12.0, 13.0, 13.0, 12.0, 12.0, 13.0, 11.0, 12.0], [13.0, 10.0, 12.0, 13.0, 13.0, 13.0, 14.0, 12.0, 10.0, 10.0], [12.0, 13.0, 12.0, 12.0, 12.0, 12.0, 12.0, 12.0, 13.0, 10.0], [12.0, 14.0, 12.0, 12.0, 12.0, 10.0, 12.0, 12.0, 12.0, 12.0], [10.0, 10.0, 10.0, 10.0, 10.0, 10.0, 10.0, 10.0, 10.0, 10.0]]","[[149.3520095076797, 131.2003734649116, 155.12253015438918, 165.97256935006672, 146.7804088048679, 160.543425160181, 150.90865006741842, 159.93614819855367, 130.05929372570847, 143.25821697062187], [148.69098117060324, 127.90438353101385, 162.08069096236432, 152.7642584510545, 164.0445326464666, 150.7142477585181, 167.55924928859804, 155.65442230619735, 130.70896676888762, 122.69850984120151], [150.64185262371987, 149.86987706263562, 161.6798397952058, 132.73720459337855, 141.0641618242042, 155.53535429386318, 162.59633813581874, 143.16800043423268, 145.00030010495482, 152.3278691351194], [164.15776696394883, 148.45657308977562, 157.19318208265736, 146.79743066095526, 163.761842216108, 152.12019605793708, 144.72792811891307, 129.39388419951285, 142.17662854419325, 143.8794992353713], [146.6722312573745, 145.01700711015621, 163.64514645931087, 114.04897422132902, 134.98206812656045, 165.67054597948555, 162.16539856979955, 153.0721944853858, 131.21919335209054, 153.22400421128827]]"
mixedSelfPlay.csv,"[4, 3]",SelfPlay,0.7,True,10.8,NAN,147.99111164856293,NAN,"[[12.0, 12.0, 12.0, 12.0, 12.0, 13.0, 12.0, 12.0, 13.0, 10.0], [10.0, 10.0, 10.0, 10.0, 10.0, 10.0, 10.0, 10.0, 10.0, 10.0], [13.0, 11.0, 12.0, 13.0, 12.0, 11.0, 12.0, 12.0, 12.0, 12.0], [10.0, 10.0, 10.0, 10.0, 10.0, 10.0, 10.0, 10.0, 10.0, 10.0], [10.0, 10.0, 10.0, 10.0, 10.0, 10.0, 10.0, 10.0, 10.0, 10.0]]","[[143.21619887091217, 142.78166202391816, 155.6232838848781, 154.34080333205836, 137.56108536554407, 165.8993256716703, 165.09758144419533, 141.9934005720503, 137.7283623139118, 149.59126018489454], [162.58948838354567, 160.1226011636061, 139.82513626845264, 152.96758450801053, 135.12701938391612, 151.61013214277406, 150.493287248246, 134.85992711826094, 150.5984609100127, 150.12104645517394], [158.46583350604715, 143.94474980801536, 155.2264402096603, 148.59131176516215, 163.33510205433348, 143.13245211737618, 150.60010306170463, 128.1885347599593, 147.09184193162258, 156.2422810250139], [122.98992678619393, 139.24654249869775, 165.471693743431, 133.67393673571232, 176.97391216146974, 168.7508705311323, 166.71496501087327, 129.62898668843778, 134.0557936431074, 154.3350471696996], [107.13450481175435, 157.28556717351643, 133.74906034994123, 154.65666710454403, 133.88462131275145, 127.67422763197196, 149.3833883463211, 155.89581983178655, 137.70505024966664, 173.37870316221006]]"
mixedSelfPlay.csv,"[4, 3]",SelfPlay,0.8,True,12.000000000000002,NAN,149.02606457246125,NAN,"[[14.0, 14.0, 14.0, 15.0, 12.0, 13.0, 15.0, 15.0, 14.0, 14.0], [12.0, 12.0, 12.0, 12.0, 10.0, 12.0, 13.0, 12.0, 12.0, 13.0], [13.0, 12.0, 12.0, 13.0, 12.0, 12.0, 12.0, 12.0, 12.0, 10.0], [12.0, 13.0, 11.0, 10.0, 12.0, 12.0, 12.0, 12.0, 13.0, 13.0], [10.0, 10.0, 10.0, 10.0, 10.0, 10.0, 10.0, 10.0, 10.0, 10.0]]","[[111.44013158068762, 145.90763938850728, 152.33957542520798, 146.23861971647764, 166.80067170287577, 147.45211344017454, 155.98531315269585, 145.6350843638284, 148.0295776822259, 164.57394304434152], [155.56434747573292, 160.7363458106189, 154.4786615537434, 159.59151819951828, 146.71942863608987, 157.1102589336299, 142.28611883760388, 134.80546589070994, 130.7650224025433, 152.18210233735246], [147.0339283419166, 142.88191599871985, 158.41602937640417, 136.9536563764236, 164.48087375495342, 153.49877492649384, 148.9055033666255, 150.2021563933882, 152.8507122068979, 134.09848839339205], [157.24320556649093, 153.6784802874149, 134.40797648971326, 168.1112898888679, 151.86337330139474, 145.88038269247997, 154.20232347388614, 139.82673750098417, 133.4477556767396, 155.6757680395254], [117.10958822043081, 148.50043695935312, 161.18841530879132, 153.521240275286, 159.83849414822538, 162.876150016841, 141.1919618072483, 146.8612389453535, 138.16122468503178, 159.7532066292249]]"
mixedSelfPlay.csv,"[4, 3]",SelfPlay,0.9,True,11.200000000000001,NAN,148.6991087906081,NAN,"[[10.0, 10.0, 10.0, 10.0, 10.0, 10.0, 10.0, 10.0, 10.0, 10.0], [10.0, 10.0, 10.0, 10.0, 10.0, 10.0, 10.0, 10.0, 10.0, 10.0], [12.0, 15.0, 11.0, 16.0, 15.0, 13.0, 13.0, 15.0, 15.0, 15.0], [12.0, 12.0, 12.0, 12.0, 10.0, 13.0, 13.0, 12.0, 12.0, 12.0], [10.0, 10.0, 10.0, 10.0, 10.0, 10.0, 10.0, 10.0, 10.0, 10.0]]","[[153.99095802287687, 162.79185562240343, 157.84289886579248, 159.44203287324362, 132.21500709985602, 151.4488419777103, 147.43432541275112, 143.0962574468172, 144.47920002983372, 141.7500970510019], [135.20763106226153, 168.28130903161863, 146.7575476919731, 152.82421195914011, 151.86965831439346, 163.81824359943482, 144.87481342671188, 121.36687704291863, 139.02090446796865, 162.6257127631833], [141.04244203284907, 167.61386115453595, 131.04977561307172, 144.4305146749665, 154.3936525220863, 150.26576922358834, 149.09457610844646, 144.4518472357404, 159.34560224586585, 148.11166736061838], [144.28802916845027, 154.78839624546427, 165.7701148768861, 152.85001347852068, 119.02008846980081, 159.88141680936837, 143.56561119113078, 156.87635470323482, 145.24614813602102, 149.93350236424405], [138.42146213702762, 145.80988933370597, 165.94317476807996, 163.21851009861774, 127.929210490825, 149.45392294347724, 183.3923805433234, 117.92739903926497, 130.33493551620165, 149.36678728309977]]"
mixedSelfPlay.csv,"[4, 3]",SelfPlay,1.0,True,12.0,NAN,148.10692086634887,NAN,"[[13.0, 11.0, 12.0, 12.0, 12.0, 11.0, 12.0, 12.0, 13.0, 12.0], [13.0, 13.0, 12.0, 11.0, 12.0, 11.0, 13.0, 11.0, 12.0, 12.0], [13.0, 10.0, 13.0, 11.0, 12.0, 12.0, 12.0, 13.0, 12.0, 12.0], [13.0, 13.0, 10.0, 12.0, 13.0, 12.0, 12.0, 12.0, 13.0, 10.0], [10.0, 15.0, 14.0, 14.0, 10.0, 14.0, 13.0, 10.0, 10.0, 10.0]]","[[142.57613009339005, 147.20156844703385, 155.19336680362616, 161.21876753020504, 154.67046812860465, 138.47340573660483, 159.26429070874022, 122.65164891645928, 153.7070032455291, 155.8364535291869], [164.0985689239849, 160.05711658510708, 159.02345568208693, 132.1005211092795, 159.7958136379369, 144.3355278680992, 148.44240113818515, 112.57688911343298, 156.59256523794488, 154.09583511816817], [150.51147902246043, 150.90185220452213, 158.5042758106092, 124.55917177116149, 149.04914128703336, 170.04827664658572, 170.22235043124635, 136.0745386340964, 131.1700865318803, 147.00017378399613], [149.0912181205517, 162.00295320876677, 137.28401685610365, 160.39473467860086, 165.33208234822388, 157.81947336596826, 156.5212124788176, 142.0828142857634, 140.6249327519648, 121.05212479299784], [146.74048524902142, 158.2707010110014, 157.64151499983566, 156.81901403998555, 123.59583082961886, 167.42798877684157, 149.9232016812982, 108.15429389700161, 142.32134152798858, 132.29296473989444]]"
mixedSelfPlay.csv,"[4, 3]",SelfPlay,0.0,False,14.0,NAN,146.7455087620421,NAN,"[[15.0, 12.0, 14.0, 15.0, 16.0, 13.0, 15.0, 14.0, 14.0, 12.0], [13.0, 12.0, 17.0, 16.0, 14.0, 11.0, 15.0, 14.0, 14.0, 14.0], [15.0, 15.0, 12.0, 15.0, 12.0, 14.0, 14.0, 14.0, 15.0, 14.0], [19.0, 22.0, 10.0, 10.0, 10.0, 17.0, 14.0, 10.0, 10.0, 18.0], [16.0, 14.0, 10.0, 16.0, 14.0, 10.0, 10.0, 10.0, 20.0, 20.0]]","[[141.3158430871751, 130.54228345970913, 164.39025357347245, 152.67593871446536, 153.62559550399877, 142.7404924911546, 162.13055969570385, 156.12770517112585, 139.01768007621587, 150.24445826717405], [134.82765317680915, 150.8901233740006, 164.9147229479346, 137.4487275759327, 173.31509591434605, 152.93245868186966, 157.88501014486346, 116.2274887452356, 135.73807411487795, 168.76191695031343], [153.71840673025517, 162.1002936953527, 141.7994967485494, 135.24455474175363, 142.88423190341095, 145.23056062122623, 158.86221378122488, 150.83550049185467, 133.7663624252267, 150.38555701131588], [190.1957446247918, 167.35036359251617, 135.86645534121476, 116.76151855957634, 153.0754578068192, 142.56842819744813, 122.0745877054018, 151.21718443446258, 116.99745441517337, 148.16110751369337], [154.72856407520013, 144.70585944630298, 83.9497176271272, 144.10411506456086, 144.69220014990339, 152.4102047857733, 144.75204042632956, 113.8160582630052, 169.61336084724786, 179.65575540900986]]"
mixedSelfPlay.csv,"[4, 3]",SelfPlay,0.1,False,14.0,NAN,147.19539265052668,NAN,"[[16.0, 13.0, 15.0, 12.0, 14.0, 15.0, 13.0, 15.0, 12.0, 15.0], [14.0, 16.0, 14.0, 12.0, 14.0, 14.0, 16.0, 14.0, 14.0, 12.0], [16.0, 16.0, 14.0, 14.0, 12.0, 14.0, 14.0, 12.0, 16.0, 12.0], [14.0, 16.0, 15.0, 13.0, 15.0, 14.0, 14.0, 13.0, 13.0, 13.0], [16.0, 22.0, 10.0, 15.0, 10.0, 11.0, 14.0, 12.0, 16.0, 14.0]]","[[143.9546414337465, 155.93661418823527, 156.02234767665738, 142.66876356279752, 145.84331399209412, 164.05292664928808, 155.05755548208455, 130.70002753637866, 138.07012673016678, 150.99195039312343], [168.93446178995708, 158.4459142284612, 139.58926818381008, 148.3953667606743, 164.45058717098613, 158.41641790210502, 156.86385093970057, 103.87830709669417, 152.84680937926137, 135.09349003435796], [157.82082867220757, 150.4994605626885, 147.69647029651756, 142.7958839373283, 139.4222617476472, 165.49719038635675, 141.31700237821124, 83.63997747362413, 188.77444200553944, 167.62875580255627], [139.64815413535186, 160.8459823325636, 153.9747611658381, 130.65715433812585, 155.84633625723637, 168.0598688232182, 178.55976522931985, 116.35827870255036, 142.82856643718986, 142.44339414986533], [169.1398940618324, 173.11916992147655, 107.54813382340834, 158.7073476797804, 149.19551634928246, 105.75811077754882, 138.37968359712116, 132.23524128046336, 162.53326205074183, 118.62599702016226]]"
mixedSelfPlay.csv,"[4, 3]",SelfPlay,0.2,False,14.0,NAN,144.46974555301207,NAN,"[[14.0, 12.0, 15.0, 15.0, 15.0, 16.0, 14.0, 15.0, 12.0, 12.0], [16.0, 13.0, 15.0, 16.0, 13.0, 16.0, 13.0, 15.0, 10.0, 13.0], [10.0, 10.0, 21.0, 10.0, 20.0, 14.0, 14.0, 21.0, 10.0, 10.0], [13.0, 15.0, 17.0, 17.0, 10.0, 15.0, 17.0, 10.0, 10.0, 16.0], [10.0, 16.0, 10.0, 15.0, 13.0, 16.0, 16.0, 15.0, 16.0, 13.0]]","[[141.20123013658682, 127.22420910741194, 158.40996751036207, 139.29926279902793, 158.0029737625936, 163.29648752832074, 160.77686495954663, 128.49117422174027, 151.05113564614544, 158.71206748640083], [180.2174894768824, 134.7023277247296, 153.29419913157705, 178.11567394608116, 131.05687642371845, 160.2751775624008, 133.30799398874365, 156.9348759061682, 61.80588147458026, 163.9680774383658], [196.5429161620716, 118.20879323216276, 119.34273268874061, 131.52915034832716, 108.17245385819201, 146.39815980569793, 132.0525252620337, 154.6097077892856, 166.73461488818106, 125.80349266766493], [125.4511124759926, 178.91312086813988, 168.0124123592186, 159.63039637319574, 89.47917822015773, 183.84164431734894, 167.26652272339487, 117.21362094273546, 105.90444342946138, 151.08636760137773], [138.2763702451395, 165.72848049347246, 86.07488053789837, 133.2473294275904, 120.71849024901935, 132.7454376045337, 182.81070813522575, 157.6605484664594, 159.60469027051215, 160.28302997599008]]"
mixedSelfPlay.csv,"[4, 3]",SelfPlay,0.3,False,14.0,NAN,147.51689521748094,NAN,"[[16.0, 14.0, 14.0, 15.0, 13.0, 14.0, 15.0, 13.0, 14.0, 12.0], [17.0, 13.0, 14.0, 15.0, 14.0, 13.0, 14.0, 15.0, 13.0, 12.0], [15.0, 14.0, 14.0, 16.0, 12.0, 15.0, 14.0, 12.0, 15.0, 13.0], [14.0, 12.0, 12.0, 13.0, 13.0, 15.0, 15.0, 14.0, 19.0, 13.0], [16.0, 13.0, 10.0, 14.0, 16.0, 13.0, 16.0, 17.0, 10.0, 15.0]]","[[160.82339156684048, 149.5985301891891, 159.72981834914225, 157.45251194028907, 157.44362326676634, 160.73272615210323, 177.69317795654624, 107.5732287002973, 135.14615937198818, 125.31700198676435], [131.9063534922431, 140.2029669861725, 155.9520446366828, 146.88842823519232, 154.09350117915173, 150.74762780168749, 149.7856648605115, 159.24468707826628, 148.31815237086576, 150.67263814891786], [155.4053984016226, 140.3690930249018, 161.61620080432874, 145.10325057591362, 134.36736594208364, 162.0699179734604, 162.02255332621226, 104.69801278048706, 153.19433600559702, 166.95647656014245], [133.28503119290986, 149.71323757852574, 130.57150548763033, 144.2766014805823, 131.61586104555596, 174.70996997603262, 174.79597787216443, 144.02018954174693, 154.64819889158906, 146.63331241847524], [163.43661653185353, 129.80257041273305, 103.01479418263983, 153.96294801551304, 162.1854262889534, 123.68940350458735, 162.26519920331216, 182.3635768591623, 84.47707502086726, 161.2524257048467]]"
mixedSelfPlay.csv,"[4, 3]",SelfPlay,0.4,False,14.0,NAN,149.26066201587366,NAN,"[[14.0, 12.0, 15.0, 14.0, 12.0, 16.0, 15.0, 15.0, 14.0, 13.0], [14.0, 14.0, 15.0, 12.0, 14.0, 16.0, 14.0, 15.0, 14.0, 12.0], [16.0, 15.0, 15.0, 15.0, 12.0, 14.0, 14.0, 12.0, 12.0, 15.0], [14.0, 15.0, 12.0, 16.0, 12.0, 14.0, 15.0, 14.0, 14.0, 14.0], [14.0, 15.0, 14.0, 14.0, 12.0, 15.0, 12.0, 16.0, 14.0, 14.0]]","[[134.92146654623915, 140.6734557563938, 151.9567572410975, 122.95193146807895, 160.39513362670152, 176.04226690834867, 174.2567689266835, 142.54641897656003, 141.3694220760072, 147.33291254916895], [139.9350368193008, 146.20373151261512, 168.51487558091986, 157.78105041551433, 143.97059215753495, 147.95553086495474, 149.83626984829172, 152.85986374195537, 156.07588074797306, 130.91130248065699], [150.34124450271247, 145.93718907575712, 168.04991808244574, 148.69436586049673, 138.28212740018162, 161.7838730989635, 157.84904585110962, 126.82493779175657, 146.15068814257796, 150.4413113286041], [145.64589776237818, 157.76059899604206, 133.44443574732975, 151.42319832885357, 152.9389115075999, 162.74848386084807, 146.5382306638904, 143.2402765834958, 153.77470180116978, 147.06725947313998], [151.40333709740764, 151.90499744533895, 149.28210093785296, 168.6356054536115, 135.38873052243179, 159.88940166363778, 160.014126705302, 127.82130364454075, 136.26358035202742, 147.0025528671843]]"
mixedSelfPlay.csv,"[4, 3]",SelfPlay,0.5,False,14.0,NAN,148.83695539637603,NAN,"[[14.0, 14.0, 12.0, 14.0, 12.0, 15.0, 15.0, 15.0, 14.0, 15.0], [16.0, 12.0, 12.0, 15.0, 15.0, 14.0, 16.0, 12.0, 14.0, 14.0], [12.0, 14.0, 12.0, 16.0, 15.0, 14.0, 15.0, 12.0, 14.0, 16.0], [14.0, 16.0, 14.0, 15.0, 12.0, 13.0, 14.0, 15.0, 12.0, 15.0], [15.0, 12.0, 13.0, 12.0, 15.0, 15.0, 15.0, 19.0, 12.0, 12.0]]","[[156.35057508298263, 148.26591178045294, 151.53994971788958, 139.60814153797014, 129.907161542221, 164.71051978845952, 151.68164030511724, 151.19764183524273, 134.76605637155114, 164.47109152623258], [159.99421645243754, 123.96931596442384, 159.32021052212087, 170.96769422909023, 158.10626439867877, 146.36905987092092, 179.49884208230367, 97.62940177349658, 135.33666481567076, 158.49622709338192], [146.6419874077992, 153.15473636822102, 137.228150840678, 168.4224618051917, 154.5817588800562, 130.7874315641405, 137.6860615653221, 146.96207107010582, 148.57821554072515, 169.58311715352966], [147.55899043560535, 163.88878252843296, 158.51593608065443, 155.13611581197688, 146.33057292215176, 163.25197941721947, 144.46532674730153, 111.00667300055109, 130.78359802951263, 159.35771072806705], [149.18171329568042, 105.54147385385065, 182.22261633601704, 111.09585500241559, 166.32784418311687, 168.05802988164237, 178.19102724202122, 124.43821051864818, 149.97023288463265, 150.71250203289077]]"
mixedSelfPlay.csv,"[4, 3]",SelfPlay,0.6,False,14.0,NAN,148.8387886476361,NAN,"[[15.0, 14.0, 14.0, 14.0, 14.0, 14.0, 16.0, 14.0, 15.0, 10.0], [14.0, 15.0, 12.0, 15.0, 14.0, 15.0, 14.0, 13.0, 12.0, 16.0], [14.0, 14.0, 14.0, 16.0, 12.0, 14.0, 14.0, 13.0, 15.0, 14.0], [16.0, 15.0, 14.0, 16.0, 12.0, 14.0, 12.0, 14.0, 13.0, 14.0], [16.0, 17.0, 14.0, 14.0, 14.0, 12.0, 15.0, 11.0, 15.0, 12.0]]","[[137.90551498166093, 148.15493229829252, 158.11590535861788, 147.75756756156204, 146.37401634282762, 152.1741615429561, 159.9398196300095, 141.89753227369675, 163.67226322923085, 136.512716509715], [152.44003893105034, 158.6762766410598, 142.22472168602644, 144.36077851931967, 143.82685730984727, 162.95417409416024, 158.1389055776326, 113.43163108997784, 143.51559316319748, 174.11439856035108], [152.873869071206, 146.85592336551053, 153.2363276856136, 160.23956076557775, 154.16024241370744, 133.2940116641482, 155.857199307598, 136.88598022987316, 150.9676131358658, 150.40400927214048], [134.71819417977957, 156.4746932528745, 140.04651935023855, 185.73978056413927, 164.75730658005935, 159.5650090776096, 136.09437310572892, 131.41406993105247, 130.90863664854106, 155.0547377323752], [130.4811432992595, 144.14775173347772, 183.64932430997732, 125.95020652859137, 133.00368780522672, 162.74116867699883, 140.1184163420953, 165.94376489415382, 148.8085135100885, 131.35959264710425]]"
mixedSelfPlay.csv,"[4, 3]",SelfPlay,0.7,False,14.0,NAN,149.15979983572942,NAN,"[[14.0, 16.0, 14.0, 14.0, 12.0, 12.0, 14.0, 14.0, 16.0, 14.0], [14.0, 17.0, 12.0, 12.0, 14.0, 14.0, 15.0, 14.0, 14.0, 14.0], [14.0, 15.0, 12.0, 14.0, 12.0, 14.0, 15.0, 14.0, 14.0, 16.0], [15.0, 14.0, 12.0, 14.0, 14.0, 14.0, 15.0, 16.0, 14.0, 12.0], [15.0, 15.0, 15.0, 14.0, 12.0, 12.0, 14.0, 15.0, 14.0, 14.0]]","[[148.932802389076, 150.81260698370357, 150.982844922737, 145.90952901074, 140.24794182241484, 150.9250818153528, 158.5850450376021, 143.5297425383248, 157.6466338236241, 147.17725300747176], [139.39614513769592, 160.49961493364665, 141.93346615482503, 167.0802003478466, 156.77759237101816, 152.80563170479547, 145.7321715063759, 122.36744044245805, 141.6528870172137, 163.63897770607704], [138.2934282725598, 142.8115375212631, 151.47684242369832, 160.51738392545835, 143.438223032131, 150.2697548069707, 159.5949730190772, 143.595187395627, 153.9173819474224, 144.76431172566052], [151.84283284670394, 140.9735673902154, 161.04148344073496, 140.62871518512569, 154.09169330338975, 159.4933216829397, 158.80397815941018, 141.85666599542373, 147.30945119981342, 135.67697040893813], [132.799262203395, 167.70597618765058, 156.92141496910926, 141.8555632079008, 132.67515177739503, 171.33554258055545, 149.37210055425024, 131.46858483211582, 155.03814069541409, 151.78694242312207]]"
mixedSelfPlay.csv,"[4, 3]",SelfPlay,0.8,False,14.0,NAN,148.46679276173552,NAN,"[[15.0, 14.0, 15.0, 15.0, 12.0, 15.0, 12.0, 14.0, 14.0, 14.0], [15.0, 14.0, 14.0, 14.0, 10.0, 14.0, 15.0, 14.0, 16.0, 14.0], [14.0, 15.0, 15.0, 13.0, 14.0, 13.0, 15.0, 14.0, 17.0, 10.0], [13.0, 14.0, 15.0, 10.0, 13.0, 19.0, 17.0, 13.0, 13.0, 13.0], [15.0, 15.0, 12.0, 14.0, 14.0, 14.0, 14.0, 15.0, 15.0, 12.0]]","[[162.38121120862905, 142.26600362838582, 153.2111507276943, 155.1416496529073, 143.3733733413927, 139.1433116305153, 160.76613355835082, 125.60668781569949, 142.83119446522159, 157.66704765594173], [143.3419874086401, 143.51037687688626, 156.32354433434347, 152.22795193388666, 145.68972435514564, 152.7620752904703, 158.0624379932575, 138.15774317679578, 144.9154771756132, 159.14147336064698], [137.4493106473722, 155.1429912338824, 165.66615520996635, 159.24569684048487, 145.90657681009316, 152.5799550573537, 145.1540242335562, 136.82092105082813, 159.06901317516213, 136.2410572085491], [145.16772568175585, 145.4723639363083, 174.04880757047115, 146.95860756597492, 129.86227515669037, 159.90306097175483, 169.19715011785638, 123.73386596124466, 143.08476697751803, 136.04753911968885], [146.48074368604458, 146.89942129881987, 151.74236160594424, 150.2815467033126, 139.85573812236655, 128.4691737860238, 162.5246962741358, 158.9677122108108, 133.99475046852996, 160.85107381385217]]"
mixedSelfPlay.csv,"[4, 3]",SelfPlay,0.9,False,14.0,NAN,149.2272068804102,NAN,"[[15.0, 15.0, 13.0, 13.0, 14.0, 13.0, 15.0, 13.0, 15.0, 14.0], [16.0, 13.0, 15.0, 14.0, 14.0, 15.0, 14.0, 15.0, 12.0, 12.0], [12.0, 15.0, 16.0, 16.0, 10.0, 17.0, 12.0, 12.0, 15.0, 15.0], [14.0, 17.0, 14.0, 14.0, 14.0, 11.0, 14.0, 14.0, 14.0, 14.0], [14.0, 14.0, 15.0, 15.0, 10.0, 14.0, 14.0, 12.0, 17.0, 15.0]]","[[151.5904775392701, 140.93997647537367, 182.34268053115142, 125.26539149020961, 156.17033981043602, 139.3234450804238, 161.91514672937646, 121.84641424414177, 164.48720643191052, 148.79759694354027], [137.8139116968595, 140.024602473143, 153.6301703941588, 137.55598113882863, 161.91691732492257, 153.35054557048392, 159.13582274127816, 129.0626600637646, 168.18969900218755, 153.23295666986388], [119.24348018897318, 140.6232476640788, 156.82330941144463, 150.88578355996657, 153.63350745236562, 141.97098956575928, 136.23247201817628, 136.28088045686994, 167.2024342486018, 188.09007117433518], [148.08448385490908, 169.23975747188229, 160.0760732327987, 137.41674538873897, 147.46242365783883, 150.092462404935, 140.8128454298999, 145.60045286765794, 144.52443153804833, 149.48934260561902], [156.4988620695711, 149.92914792978195, 167.92443652411157, 151.8357841959097, 151.72876979628322, 151.47218588299955, 153.95700462057863, 124.4819646762756, 131.92222113808893, 151.2328306426858]]"
mixedSelfPlay.csv,"[4, 3]",SelfPlay,1.0,False,14.0,NAN,149.17675015595498,NAN,"[[13.0, 12.0, 13.0, 15.0, 15.0, 15.0, 14.0, 14.0, 16.0, 13.0], [13.0, 14.0, 12.0, 17.0, 14.0, 13.0, 14.0, 14.0, 14.0, 15.0], [15.0, 12.0, 15.0, 15.0, 14.0, 15.0, 13.0, 15.0, 14.0, 12.0], [15.0, 14.0, 15.0, 14.0, 14.0, 13.0, 15.0, 14.0, 14.0, 12.0], [13.0, 15.0, 12.0, 15.0, 14.0, 13.0, 14.0, 16.0, 14.0, 14.0]]","[[146.32011168648035, 144.67145252432897, 142.73890362706453, 154.79845436333184, 159.45171898896723, 150.62662250278504, 157.51393343833843, 135.9279498414939, 174.53941573285547, 126.13743609401969], [151.35497286393942, 160.76870351660634, 141.5898180137468, 170.37891849752756, 144.76198125641537, 148.17369689738956, 155.41589728594445, 137.2068043654447, 130.08918788169967, 153.9947816423278], [151.71309806276054, 145.84060177663494, 151.0469631011355, 131.9515453373102, 154.73099956302778, 164.21354992089942, 152.72615359751535, 147.85801245832903, 157.57612107093095, 132.14042270360883], [129.05400767791087, 157.96633614306174, 159.2189293568144, 160.1591176794438, 153.0674498817814, 143.42886777327604, 150.21460051626906, 143.56065688302098, 140.91813557529593, 156.13445446783376], [120.62656642720097, 144.9759834615558, 159.77335578927378, 150.25641588389664, 160.23553851735193, 151.5489200543449, 157.35802626153247, 137.74758779652467, 148.29729094968408, 158.03703808881704]]"
